Command,Alias,Test_program,Args,Type,Exit_code,Microseconds,Miliseconds,Runtime_startup_time_miliseconds,Miliseconds_organized,Mean_miliseconds,Median_miliseconds,Std_miliseconds,Microseconds_organized,Mean_microseconds,Median_microseconds,Std_microseconds,Number_of_executions,Index
unshare -muinpUCT --fork --map-current-user -R /media/caioh/EXTERNAL_HDD1/TCC_CAIO/site_testes_pequenos_performance/C_CPP_Benchmarks/executable_dir /return_0.exe,unshare,return_0,,container,0,"[79359.  2084.  1695.  1905.  1802.  1856.  1779.  1842.  1714.  1674.
  1759.  1835.  1693.  1760.  1811.  1814.  1754.  1857.  1828.  1863.
  1718.  1637.  1725.  1849.  1790.  1691.  1781.  1832.  1634.  1701.
  1826.  1793.  1665.  1831.  1709.  1743.  1753.  1693.  1673.  1802.
  1688.  1667.  1849.  1761.  1650.  1911.  1764.  1744.  1715.  1762.
  1732.  1642.  1667.  1644.  1806.  1856.  1653.  1698.  1808.  1836.
  1987.  1772.  1836.  1765.  1654.  1770.  1909.  1778.  1779.  1734.
  1906.  1715.  1715.  1828.  1821.  1639.  1840.  1702.  1707.  2656.
  1735.  1794.  1658.  1798.  1755.  1693.  1610.  1706.  1746.  1683.
  1588.  1619.  1836.  1720.  1756.  1798.  1775.  1595.  1770.  1687.]","[79.  2.  1.  1.  1.  1.  1.  1.  1.  1.  1.  1.  1.  1.  1.  1.  1.  1.
  1.  1.  1.  1.  1.  1.  1.  1.  1.  1.  1.  1.  1.  1.  1.  1.  1.  1.
  1.  1.  1.  1.  1.  1.  1.  1.  1.  1.  1.  1.  1.  1.  1.  1.  1.  1.
  1.  1.  1.  1.  1.  1.  1.  1.  1.  1.  1.  1.  1.  1.  1.  1.  1.  1.
  1.  1.  1.  1.  1.  1.  1.  2.  1.  1.  1.  1.  1.  1.  1.  1.  1.  1.
  1.  1.  1.  1.  1.  1.  1.  1.  1.  1.]",0.0,"[1. 1. 1. 1. 1. 1. 1. 1. 1. 1. 1. 1. 1. 1. 1. 1. 1. 1. 1. 1. 1. 1. 1. 1.
 1. 1. 1. 1. 1. 1. 1. 1. 1. 1. 1. 1. 1. 1. 1. 1. 1. 1. 1. 1. 1. 1. 1. 1.
 1. 1. 1. 1. 1. 1. 1. 1. 1. 1. 1. 1. 1. 1. 1. 1. 1. 1. 1. 1. 1. 1. 1. 1.
 1. 1. 1. 1. 1. 1. 1. 1. 1. 1. 1. 1. 1. 1. 1. 1. 1. 1. 1. 1. 1. 1. 1. 1.
 2. 2.]",1.0204081632653061,1.0,0.142118858106802,"[1595. 1610. 1619. 1634. 1637. 1639. 1642. 1644. 1650. 1653. 1654. 1658.
 1665. 1667. 1667. 1673. 1674. 1683. 1687. 1688. 1691. 1693. 1693. 1693.
 1695. 1698. 1701. 1702. 1706. 1707. 1709. 1714. 1715. 1715. 1715. 1718.
 1720. 1725. 1732. 1734. 1735. 1743. 1744. 1746. 1753. 1754. 1755. 1756.
 1759. 1760. 1761. 1762. 1764. 1765. 1770. 1770. 1772. 1775. 1778. 1779.
 1779. 1781. 1790. 1793. 1794. 1798. 1798. 1802. 1802. 1806. 1808. 1811.
 1814. 1821. 1826. 1828. 1828. 1831. 1832. 1835. 1836. 1836. 1836. 1840.
 1842. 1849. 1849. 1856. 1856. 1857. 1863. 1905. 1906. 1909. 1911. 1987.
 2084. 2656.]",1768.0714285714287,1759.5,123.6285799206473,100,0
"unshare -muinpUCT --fork --map-root-user setpriv --nnp --securebits +noroot,+noroot_locked,+no_setuid_fixup_locked,+keep_caps_locked /media/caioh/EXTERNAL_HDD1/TCC_CAIO/site_testes_pequenos_performance/C_CPP_Benchmarks/executable_dir/return_0.exe",unshare+setpriv,return_0,,container,0,"[1902. 2209. 1938. 2125. 2035. 2047. 1909. 1950. 1984. 2079. 2020. 2081.
 2056. 1987. 2426. 1955. 2094. 2077. 2157. 2184. 2094. 2170. 2027. 1893.
 2028. 2129. 2063. 2107. 2049. 1910. 2042. 2092. 2068. 2075. 2044. 1885.
 2086. 2046. 1947. 1986. 1952. 2029. 2015. 1937. 2067. 2044. 2032. 2136.
 2097. 2121. 2118. 2103. 2710. 2082. 2044. 1969. 2177. 2265. 1987. 2176.
 2005. 2158. 2049. 2116. 2087. 2032. 2016. 2128. 2086. 2094. 2170. 1985.
 2167. 2014. 2030. 2169. 2124. 2138. 2035. 2146. 2188. 2060. 2175. 2040.
 2102. 2179. 2039. 2104. 2105. 2084. 1997. 2207. 1945. 2090. 2046. 2289.
 2108. 2217. 2051. 2062.]","[1. 2. 1. 2. 2. 2. 1. 1. 1. 2. 2. 2. 2. 1. 2. 1. 2. 2. 2. 2. 2. 2. 2. 1.
 2. 2. 2. 2. 2. 1. 2. 2. 2. 2. 2. 1. 2. 2. 1. 1. 1. 2. 2. 1. 2. 2. 2. 2.
 2. 2. 2. 2. 2. 2. 2. 1. 2. 2. 1. 2. 2. 2. 2. 2. 2. 2. 2. 2. 2. 2. 2. 1.
 2. 2. 2. 2. 2. 2. 2. 2. 2. 2. 2. 2. 2. 2. 2. 2. 2. 2. 1. 2. 1. 2. 2. 2.
 2. 2. 2. 2.]",0.0,"[1. 1. 1. 1. 1. 1. 1. 1. 1. 1. 1. 1. 1. 1. 1. 1. 1. 1. 2. 2. 2. 2. 2. 2.
 2. 2. 2. 2. 2. 2. 2. 2. 2. 2. 2. 2. 2. 2. 2. 2. 2. 2. 2. 2. 2. 2. 2. 2.
 2. 2. 2. 2. 2. 2. 2. 2. 2. 2. 2. 2. 2. 2. 2. 2. 2. 2. 2. 2. 2. 2. 2. 2.
 2. 2. 2. 2. 2. 2. 2. 2. 2. 2. 2. 2. 2. 2. 2. 2. 2. 2. 2. 2. 2. 2. 2. 2.
 2. 2.]",1.816326530612245,2.0,0.38920852215985696,"[1893. 1902. 1909. 1910. 1937. 1938. 1945. 1947. 1950. 1952. 1955. 1969.
 1984. 1985. 1986. 1987. 1987. 1997. 2005. 2014. 2015. 2016. 2020. 2027.
 2028. 2029. 2030. 2032. 2032. 2035. 2035. 2039. 2040. 2042. 2044. 2044.
 2044. 2046. 2046. 2047. 2049. 2049. 2051. 2056. 2060. 2062. 2063. 2067.
 2068. 2075. 2077. 2079. 2081. 2082. 2084. 2086. 2086. 2087. 2090. 2092.
 2094. 2094. 2094. 2097. 2102. 2103. 2104. 2105. 2107. 2108. 2116. 2118.
 2121. 2124. 2125. 2128. 2129. 2136. 2138. 2146. 2157. 2158. 2167. 2169.
 2170. 2170. 2175. 2176. 2177. 2179. 2184. 2188. 2207. 2209. 2217. 2265.
 2289. 2426.]",2074.0714285714284,2071.5,87.93076587650573,100,1
setpriv --nnp unshare -muinpUCT --fork --map-current-user -R /media/caioh/EXTERNAL_HDD1/TCC_CAIO/site_testes_pequenos_performance/C_CPP_Benchmarks/executable_dir /return_0.exe,setpriv+unshare,return_0,,container,0,"[2118. 2119. 2221. 2177. 2154. 2068. 2097. 2156. 2037. 2036. 2136. 2094.
 1992. 2122. 2085. 3732. 2125. 1983. 2053. 2039. 2065. 2156. 2008. 1908.
 2001. 1993. 1981. 2045. 2076. 2171. 2182. 2237. 2149. 2030. 2060. 2061.
 2131. 1988. 2143. 2128. 2026. 2150. 2226. 2264. 2158. 2091. 2052. 2126.
 2021. 2056. 2160. 2028. 2225. 2048. 1930. 2701. 2024. 2356. 2083. 2120.
 2067. 1921. 2023. 2185. 2082. 1889. 2005. 2129. 1891. 2047. 2146. 2028.
 1971. 2071. 2099. 2089. 2197. 2079. 2100. 2144. 3612. 2086. 2112. 2082.
 2170. 2045. 2139. 2149. 2020. 2160. 2121. 2061. 1974. 2114. 2133. 2181.
 1995. 2145. 2184. 2158.]","[2. 2. 2. 2. 2. 2. 2. 2. 2. 2. 2. 2. 1. 2. 2. 3. 2. 1. 2. 2. 2. 2. 2. 1.
 2. 1. 1. 2. 2. 2. 2. 2. 2. 2. 2. 2. 2. 1. 2. 2. 2. 2. 2. 2. 2. 2. 2. 2.
 2. 2. 2. 2. 2. 2. 1. 2. 2. 2. 2. 2. 2. 1. 2. 2. 2. 1. 2. 2. 1. 2. 2. 2.
 1. 2. 2. 2. 2. 2. 2. 2. 3. 2. 2. 2. 2. 2. 2. 2. 2. 2. 2. 2. 1. 2. 2. 2.
 1. 2. 2. 2.]",0.0,"[1. 1. 1. 1. 1. 1. 1. 1. 1. 1. 1. 1. 2. 2. 2. 2. 2. 2. 2. 2. 2. 2. 2. 2.
 2. 2. 2. 2. 2. 2. 2. 2. 2. 2. 2. 2. 2. 2. 2. 2. 2. 2. 2. 2. 2. 2. 2. 2.
 2. 2. 2. 2. 2. 2. 2. 2. 2. 2. 2. 2. 2. 2. 2. 2. 2. 2. 2. 2. 2. 2. 2. 2.
 2. 2. 2. 2. 2. 2. 2. 2. 2. 2. 2. 2. 2. 2. 2. 2. 2. 2. 2. 2. 2. 2. 2. 2.
 2. 3.]",1.8877551020408163,2.0,0.3482697455929101,"[1891. 1908. 1921. 1930. 1971. 1974. 1981. 1983. 1988. 1992. 1993. 1995.
 2001. 2005. 2008. 2020. 2021. 2023. 2024. 2026. 2028. 2028. 2030. 2036.
 2037. 2039. 2045. 2045. 2047. 2048. 2052. 2053. 2056. 2060. 2061. 2061.
 2065. 2067. 2068. 2071. 2076. 2079. 2082. 2082. 2083. 2085. 2086. 2089.
 2091. 2094. 2097. 2099. 2100. 2112. 2114. 2118. 2119. 2120. 2121. 2122.
 2125. 2126. 2128. 2129. 2131. 2133. 2136. 2139. 2143. 2144. 2145. 2146.
 2149. 2149. 2150. 2154. 2156. 2156. 2158. 2158. 2160. 2160. 2170. 2171.
 2177. 2181. 2182. 2184. 2185. 2197. 2221. 2225. 2226. 2237. 2264. 2356.
 2701. 3612.]",2113.112244897959,2092.5,183.08151993388145,100,2
podman run --rm -ti --volume /media/caioh/EXTERNAL_HDD1/TCC_CAIO/site_testes_pequenos_performance/C_CPP_Benchmarks/executable_dir:/ --entrypoint /return_0.exe empty_container,podman,return_0,,container,0,"[ 358025.  244099. 1043033.  339281.  351025.  638766.  232847.  239154.
  237964.  254914.  242362.  250062.  247513.  345996.  456088.  340537.
  254803.  250559.  250921.  241674.  263126.  254670.  250617.  246545.
  246265.  238655.  355042.  254348.  343864.  638456.  244403.  461025.
  252684.  241628.  239082.  363922.  244107.  263153.  261769.  243570.
  271862.  345883.  357646.  250015.  259490.  250617.  266500.  254425.
  246744.  242687.  249664.  246534.  242387.  256059.  447361.  239639.
  238737.  259370.  254451.  258469.  247145.  249196.  260298.  265621.
  250832.  263039.  261796.  748834.  250419.  758612.  246606.  246126.
  241931.  266433.  250696.  255268.  234367.  247622.  248896.  251538.
  258725.  242575.  250853.  253195.  645749.  259250.  259581.  752486.
  455417.  350541.  238823.  266579.  266143.  254578.  262075.  254608.
  339325.  245902.  250956.  237793.]","[ 358.  244. 1043.  339.  351.  638.  232.  239.  237.  254.  242.  250.
  247.  345.  456.  340.  254.  250.  250.  241.  263.  254.  250.  246.
  246.  238.  355.  254.  343.  638.  244.  461.  252.  241.  239.  363.
  244.  263.  261.  243.  271.  345.  357.  250.  259.  250.  266.  254.
  246.  242.  249.  246.  242.  256.  447.  239.  238.  259.  254.  258.
  247.  249.  260.  265.  250.  263.  261.  748.  250.  758.  246.  246.
  241.  266.  250.  255.  234.  247.  248.  251.  258.  242.  250.  253.
  645.  259.  259.  752.  455.  350.  238.  266.  266.  254.  262.  254.
  339.  245.  250.  237.]",0.0,"[234. 237. 237. 238. 238. 238. 239. 239. 239. 241. 241. 241. 242. 242.
 242. 242. 243. 244. 244. 244. 245. 246. 246. 246. 246. 246. 246. 247.
 247. 247. 248. 249. 249. 250. 250. 250. 250. 250. 250. 250. 250. 250.
 250. 250. 251. 252. 253. 254. 254. 254. 254. 254. 254. 254. 254. 255.
 256. 258. 258. 259. 259. 259. 259. 260. 261. 261. 262. 263. 263. 263.
 265. 266. 266. 266. 266. 271. 339. 339. 340. 343. 345. 345. 350. 351.
 355. 357. 358. 363. 447. 455. 456. 461. 638. 638. 645. 748. 752. 758.]",298.265306122449,254.0,114.78204815100824,"[234367. 237793. 237964. 238655. 238737. 238823. 239082. 239154. 239639.
 241628. 241674. 241931. 242362. 242387. 242575. 242687. 243570. 244099.
 244107. 244403. 245902. 246126. 246265. 246534. 246545. 246606. 246744.
 247145. 247513. 247622. 248896. 249196. 249664. 250015. 250062. 250419.
 250559. 250617. 250617. 250696. 250832. 250853. 250921. 250956. 251538.
 252684. 253195. 254348. 254425. 254451. 254578. 254608. 254670. 254803.
 254914. 255268. 256059. 258469. 258725. 259250. 259370. 259490. 259581.
 260298. 261769. 261796. 262075. 263039. 263126. 263153. 265621. 266143.
 266433. 266500. 266579. 271862. 339281. 339325. 340537. 343864. 345883.
 345996. 350541. 351025. 355042. 357646. 358025. 363922. 447361. 455417.
 456088. 461025. 638456. 638766. 645749. 748834. 752486. 758612.]",298771.86734693876,254438.0,114793.03626986433,100,3
bwrap --new-session --unshare-all --cap-drop all --ro-bind /media/caioh/EXTERNAL_HDD1/TCC_CAIO/site_testes_pequenos_performance/C_CPP_Benchmarks/executable_dir / /return_0.exe,bwrap,return_0,,container,0,"[2864. 2437. 2468. 2598. 2502. 2436. 2535. 2511. 2422. 2505. 2467. 2412.
 2560. 2507. 2530. 2703. 2499. 2588. 2540. 2235. 2567. 2548. 2532. 2373.
 2538. 2489. 2613. 2405. 2492. 2638. 2542. 2346. 2560. 2633. 2522. 2464.
 2440. 2345. 2530. 2551. 2347. 2569. 2512. 2428. 2483. 2426. 2517. 2426.
 2314. 2545. 2456. 2550. 2518. 2363. 2472. 2528. 2528. 4670. 2461. 2415.
 2556. 2513. 2471. 2450. 2549. 2597. 2441. 2468. 2633. 2585. 2500. 2509.
 2393. 2329. 2506. 2564. 2476. 2481. 2487. 2506. 2549. 2456. 2684. 2474.
 2591. 2631. 2708. 2563. 2498. 2571. 2513. 2328. 2539. 2450. 2437. 2511.
 2448. 2515. 2357. 2650.]","[2. 2. 2. 2. 2. 2. 2. 2. 2. 2. 2. 2. 2. 2. 2. 2. 2. 2. 2. 2. 2. 2. 2. 2.
 2. 2. 2. 2. 2. 2. 2. 2. 2. 2. 2. 2. 2. 2. 2. 2. 2. 2. 2. 2. 2. 2. 2. 2.
 2. 2. 2. 2. 2. 2. 2. 2. 2. 4. 2. 2. 2. 2. 2. 2. 2. 2. 2. 2. 2. 2. 2. 2.
 2. 2. 2. 2. 2. 2. 2. 2. 2. 2. 2. 2. 2. 2. 2. 2. 2. 2. 2. 2. 2. 2. 2. 2.
 2. 2. 2. 2.]",0.0,"[2. 2. 2. 2. 2. 2. 2. 2. 2. 2. 2. 2. 2. 2. 2. 2. 2. 2. 2. 2. 2. 2. 2. 2.
 2. 2. 2. 2. 2. 2. 2. 2. 2. 2. 2. 2. 2. 2. 2. 2. 2. 2. 2. 2. 2. 2. 2. 2.
 2. 2. 2. 2. 2. 2. 2. 2. 2. 2. 2. 2. 2. 2. 2. 2. 2. 2. 2. 2. 2. 2. 2. 2.
 2. 2. 2. 2. 2. 2. 2. 2. 2. 2. 2. 2. 2. 2. 2. 2. 2. 2. 2. 2. 2. 2. 2. 2.
 2. 2.]",2.0,2.0,0.0,"[2314. 2328. 2329. 2345. 2346. 2347. 2357. 2363. 2373. 2393. 2405. 2412.
 2415. 2422. 2426. 2426. 2428. 2436. 2437. 2437. 2440. 2441. 2448. 2450.
 2450. 2456. 2456. 2461. 2464. 2467. 2468. 2468. 2471. 2472. 2474. 2476.
 2481. 2483. 2487. 2489. 2492. 2498. 2499. 2500. 2502. 2505. 2506. 2506.
 2507. 2509. 2511. 2511. 2512. 2513. 2513. 2515. 2517. 2518. 2522. 2528.
 2528. 2530. 2530. 2532. 2535. 2538. 2539. 2540. 2542. 2545. 2548. 2549.
 2549. 2550. 2551. 2556. 2560. 2560. 2563. 2564. 2567. 2569. 2571. 2585.
 2588. 2591. 2597. 2598. 2613. 2631. 2633. 2633. 2638. 2650. 2684. 2703.
 2708. 2864.]",2505.683673469388,2508.0,89.44463206321107,100,4
systemd-run --user --wait --collect -p 'NoNewPrivileges=true' -p 'MemoryDenyWriteExecute=true' -p 'PrivateUsers=true' -p 'SecureBits=keep-caps-locked no-setuid-fixup-locked noroot noroot-locked' -p 'CapabilityBoundingSet=' -p 'AmbientCapabilities=' /media/caioh/EXTERNAL_HDD1/TCC_CAIO/site_testes_pequenos_performance/C_CPP_Benchmarks/executable_dir/return_0.exe,systemd-run,return_0,,container,0,"[6290. 5298. 5798. 5640. 5341. 5467. 5287. 5438. 5403. 5334. 5390. 5781.
 5215. 5502. 5079. 5001. 5264. 5178. 5905. 5840. 5578. 5847. 5308. 5178.
 5389. 5096. 5108. 5178. 5411. 5276. 5162. 5176. 5197. 5109. 5302. 5430.
 5261. 5181. 5026. 5381. 5007. 5090. 5366. 5256. 5428. 5135. 5192. 5063.
 5346. 5340. 5161. 5006. 5316. 5258. 5649. 5353. 5197. 5114. 4981. 5378.
 5231. 5288. 5521. 5115. 5112. 5197. 5183. 5339. 5099. 5463. 5102. 5183.
 5145. 5374. 5289. 5246. 5362. 5495. 5331. 5234. 5399. 5242. 5337. 5322.
 5137. 5512. 5358. 5413. 5148. 5277. 5365. 5360. 5351. 5138. 5253. 5122.
 5048. 5129. 5097. 5267.]","[6. 5. 5. 5. 5. 5. 5. 5. 5. 5. 5. 5. 5. 5. 5. 5. 5. 5. 5. 5. 5. 5. 5. 5.
 5. 5. 5. 5. 5. 5. 5. 5. 5. 5. 5. 5. 5. 5. 5. 5. 5. 5. 5. 5. 5. 5. 5. 5.
 5. 5. 5. 5. 5. 5. 5. 5. 5. 5. 4. 5. 5. 5. 5. 5. 5. 5. 5. 5. 5. 5. 5. 5.
 5. 5. 5. 5. 5. 5. 5. 5. 5. 5. 5. 5. 5. 5. 5. 5. 5. 5. 5. 5. 5. 5. 5. 5.
 5. 5. 5. 5.]",0.0,"[5. 5. 5. 5. 5. 5. 5. 5. 5. 5. 5. 5. 5. 5. 5. 5. 5. 5. 5. 5. 5. 5. 5. 5.
 5. 5. 5. 5. 5. 5. 5. 5. 5. 5. 5. 5. 5. 5. 5. 5. 5. 5. 5. 5. 5. 5. 5. 5.
 5. 5. 5. 5. 5. 5. 5. 5. 5. 5. 5. 5. 5. 5. 5. 5. 5. 5. 5. 5. 5. 5. 5. 5.
 5. 5. 5. 5. 5. 5. 5. 5. 5. 5. 5. 5. 5. 5. 5. 5. 5. 5. 5. 5. 5. 5. 5. 5.
 5. 5.]",5.0,5.0,0.0,"[5001. 5006. 5007. 5026. 5048. 5063. 5079. 5090. 5096. 5097. 5099. 5102.
 5108. 5109. 5112. 5114. 5115. 5122. 5129. 5135. 5137. 5138. 5145. 5148.
 5161. 5162. 5176. 5178. 5178. 5178. 5181. 5183. 5183. 5192. 5197. 5197.
 5197. 5215. 5231. 5234. 5242. 5246. 5253. 5256. 5258. 5261. 5264. 5267.
 5276. 5277. 5287. 5288. 5289. 5298. 5302. 5308. 5316. 5322. 5331. 5334.
 5337. 5339. 5340. 5341. 5346. 5351. 5353. 5358. 5360. 5362. 5365. 5366.
 5374. 5378. 5381. 5389. 5390. 5399. 5403. 5411. 5413. 5428. 5430. 5438.
 5463. 5467. 5495. 5502. 5512. 5521. 5578. 5640. 5649. 5781. 5798. 5840.
 5847. 5905.]",5295.857142857143,5276.5,188.2930924378104,100,5
systemd-run --user --wait --collect -p 'SystemCallFilter=rt_sigaction uname arch_prctl mmap execve rseq rt_sigprocmask prlimit64 brk ioctl mprotect set_robust_list write munmap readlink futex madvise clone3 set_tid_address getrandom newfstatat exit_group exit' -p 'NoNewPrivileges=true' -p 'MemoryDenyWriteExecute=true' -p 'PrivateUsers=true' -p 'SecureBits=keep-caps-locked no-setuid-fixup-locked noroot noroot-locked' -p 'CapabilityBoundingSet=' -p 'AmbientCapabilities=' /media/caioh/EXTERNAL_HDD1/TCC_CAIO/site_testes_pequenos_performance/C_CPP_Benchmarks/executable_dir/return_0.exe,systemd-run(seccomp),return_0,,container,0,"[6189. 6357. 6230. 6466. 6282. 6232. 6593. 6497. 6280. 6238. 6429. 6396.
 6300. 6653. 6590. 6505. 6131. 6332. 6028. 6617. 6241. 6531. 6234. 6233.
 6015. 6343. 6251. 6346. 6420. 6363. 6505. 6196. 6505. 6632. 6347. 6354.
 6377. 6489. 6563. 6393. 6231. 6342. 6324. 6262. 6535. 6126. 6512. 6110.
 6291. 6481. 6203. 6254. 6292. 6161. 6113. 6202. 6213. 6326. 6189. 6322.
 6520. 6264. 6159. 6276. 6059. 6426. 6267. 6270. 6338. 6005. 6418. 6106.
 6411. 6084. 6365. 6311. 6144. 6016. 6227. 6230. 6429. 6094. 6305. 6521.
 6725. 6077. 6275. 6078. 6128. 6280. 6533. 6246. 6339. 6567. 6163. 6349.
 6364. 6219. 5950. 6292.]","[6. 6. 6. 6. 6. 6. 6. 6. 6. 6. 6. 6. 6. 6. 6. 6. 6. 6. 6. 6. 6. 6. 6. 6.
 6. 6. 6. 6. 6. 6. 6. 6. 6. 6. 6. 6. 6. 6. 6. 6. 6. 6. 6. 6. 6. 6. 6. 6.
 6. 6. 6. 6. 6. 6. 6. 6. 6. 6. 6. 6. 6. 6. 6. 6. 6. 6. 6. 6. 6. 6. 6. 6.
 6. 6. 6. 6. 6. 6. 6. 6. 6. 6. 6. 6. 6. 6. 6. 6. 6. 6. 6. 6. 6. 6. 6. 6.
 6. 6. 5. 6.]",0.0,"[6. 6. 6. 6. 6. 6. 6. 6. 6. 6. 6. 6. 6. 6. 6. 6. 6. 6. 6. 6. 6. 6. 6. 6.
 6. 6. 6. 6. 6. 6. 6. 6. 6. 6. 6. 6. 6. 6. 6. 6. 6. 6. 6. 6. 6. 6. 6. 6.
 6. 6. 6. 6. 6. 6. 6. 6. 6. 6. 6. 6. 6. 6. 6. 6. 6. 6. 6. 6. 6. 6. 6. 6.
 6. 6. 6. 6. 6. 6. 6. 6. 6. 6. 6. 6. 6. 6. 6. 6. 6. 6. 6. 6. 6. 6. 6. 6.
 6. 6.]",6.0,6.0,0.0,"[6005. 6015. 6016. 6028. 6059. 6077. 6078. 6084. 6094. 6106. 6110. 6113.
 6126. 6128. 6131. 6144. 6159. 6161. 6163. 6189. 6189. 6196. 6202. 6203.
 6213. 6219. 6227. 6230. 6230. 6231. 6232. 6233. 6234. 6238. 6241. 6246.
 6251. 6254. 6262. 6264. 6267. 6270. 6275. 6276. 6280. 6280. 6282. 6291.
 6292. 6292. 6300. 6305. 6311. 6322. 6324. 6326. 6332. 6338. 6339. 6342.
 6343. 6346. 6347. 6349. 6354. 6357. 6363. 6364. 6365. 6377. 6393. 6396.
 6411. 6418. 6420. 6426. 6429. 6429. 6466. 6481. 6489. 6497. 6505. 6505.
 6505. 6512. 6520. 6521. 6531. 6533. 6535. 6563. 6567. 6590. 6593. 6617.
 6632. 6653.]",6309.459183673469,6292.0,154.77600498434623,100,6
/media/caioh/EXTERNAL_HDD1/TCC_CAIO/site_testes_pequenos_performance/C_CPP_Benchmarks/executable_dir/return_0.exe,return_0.exe,return_0,,native,0,"[ 952. 1027.  924.  863.  945.  910.  875.  852.  839.  873.  917.  884.
  893.  855.  833.  770.  930.  919.  917.  754.  905.  908.  847.  906.
  874.  894.  890.  884.  824.  777.  816.  817.  809.  829.  886.  868.
  793.  885.  896.  860.  882.  856.  823.  854.  896.  859.  865.  907.
  885.  846.  853.  841.  905.  802.  871.  868.  911.  884.  888.  878.
  810.  855.  876.  858.  887.  880.  898.  891.  851.  867.  889.  865.
  861.  877.  854.  898.  813.  878.  841.  836.  866.  835.  903.  763.
  897.  781.  788.  805.  787.  800.  984.  805.  874.  922.  886.  837.
  894.  905.  815.  785.]","[0. 1. 0. 0. 0. 0. 0. 0. 0. 0. 0. 0. 0. 0. 0. 0. 0. 0. 0. 0. 0. 0. 0. 0.
 0. 0. 0. 0. 0. 0. 0. 0. 0. 0. 0. 0. 0. 0. 0. 0. 0. 0. 0. 0. 0. 0. 0. 0.
 0. 0. 0. 0. 0. 0. 0. 0. 0. 0. 0. 0. 0. 0. 0. 0. 0. 0. 0. 0. 0. 0. 0. 0.
 0. 0. 0. 0. 0. 0. 0. 0. 0. 0. 0. 0. 0. 0. 0. 0. 0. 0. 0. 0. 0. 0. 0. 0.
 0. 0. 0. 0.]",0.0,"[0. 0. 0. 0. 0. 0. 0. 0. 0. 0. 0. 0. 0. 0. 0. 0. 0. 0. 0. 0. 0. 0. 0. 0.
 0. 0. 0. 0. 0. 0. 0. 0. 0. 0. 0. 0. 0. 0. 0. 0. 0. 0. 0. 0. 0. 0. 0. 0.
 0. 0. 0. 0. 0. 0. 0. 0. 0. 0. 0. 0. 0. 0. 0. 0. 0. 0. 0. 0. 0. 0. 0. 0.
 0. 0. 0. 0. 0. 0. 0. 0. 0. 0. 0. 0. 0. 0. 0. 0. 0. 0. 0. 0. 0. 0. 0. 0.
 0. 0.]",0.0,0.0,0.0,"[763. 770. 777. 781. 785. 787. 788. 793. 800. 802. 805. 805. 809. 810.
 813. 815. 816. 817. 823. 824. 829. 833. 835. 836. 837. 839. 841. 841.
 846. 847. 851. 852. 853. 854. 854. 855. 855. 856. 858. 859. 860. 861.
 863. 865. 865. 866. 867. 868. 868. 871. 873. 874. 874. 875. 876. 877.
 878. 878. 880. 882. 884. 884. 884. 885. 885. 886. 886. 887. 888. 889.
 890. 891. 893. 894. 894. 896. 896. 897. 898. 898. 903. 905. 905. 905.
 906. 907. 908. 910. 911. 917. 917. 919. 922. 924. 930. 945. 952. 984.]",864.3877551020408,869.5,42.96405418032043,100,7
/media/caioh/EXTERNAL_HDD1/TCC_CAIO/seccomp/exec_program_seccomp --unshare all --apparmor-profile-exec restricted_native_web_app --fork --host-filesystem --no-seccomp /media/caioh/EXTERNAL_HDD1/TCC_CAIO/site_testes_pequenos_performance/C_CPP_Benchmarks/executable_dir/return_0.exe,sandbox,return_0,,custom_container,0,"[2001. 1913. 1866. 1881. 1925. 1722. 1907. 1768. 1854. 1897. 1809. 1815.
 1785. 1769. 1890. 1908. 1772. 1721. 1753. 1858. 1807. 1894. 1859. 1969.
 1822. 1825. 1880. 1687. 1914. 1854. 1773. 1739. 1749. 1741. 1891. 1808.
 1916. 1936. 1798. 1772. 1768. 1765. 1907. 1914. 1834. 1944. 1913. 1789.
 1889. 1713. 1914. 1750. 1693. 1971. 1763. 1923. 1866. 1844. 1708. 1833.
 1923. 1898. 2027. 1709. 1864. 1726. 1819. 1953. 1951. 1851. 1792. 1902.
 1848. 1912. 1917. 1799. 1753. 1681. 1756. 1742. 1740. 1716. 1809. 1846.
 1906. 1766. 1912. 1828. 1802. 4485. 1783. 1823. 1972. 2027. 1923. 1812.
 1732. 1854. 1759. 1765.]","[2. 1. 1. 1. 1. 1. 1. 1. 1. 1. 1. 1. 1. 1. 1. 1. 1. 1. 1. 1. 1. 1. 1. 1.
 1. 1. 1. 1. 1. 1. 1. 1. 1. 1. 1. 1. 1. 1. 1. 1. 1. 1. 1. 1. 1. 1. 1. 1.
 1. 1. 1. 1. 1. 1. 1. 1. 1. 1. 1. 1. 1. 1. 2. 1. 1. 1. 1. 1. 1. 1. 1. 1.
 1. 1. 1. 1. 1. 1. 1. 1. 1. 1. 1. 1. 1. 1. 1. 1. 1. 4. 1. 1. 1. 2. 1. 1.
 1. 1. 1. 1.]",0.0,"[1. 1. 1. 1. 1. 1. 1. 1. 1. 1. 1. 1. 1. 1. 1. 1. 1. 1. 1. 1. 1. 1. 1. 1.
 1. 1. 1. 1. 1. 1. 1. 1. 1. 1. 1. 1. 1. 1. 1. 1. 1. 1. 1. 1. 1. 1. 1. 1.
 1. 1. 1. 1. 1. 1. 1. 1. 1. 1. 1. 1. 1. 1. 1. 1. 1. 1. 1. 1. 1. 1. 1. 1.
 1. 1. 1. 1. 1. 1. 1. 1. 1. 1. 1. 1. 1. 1. 1. 1. 1. 1. 1. 1. 1. 1. 1. 2.
 2. 2.]",1.030612244897959,1.0,0.17315041031076064,"[1687. 1693. 1708. 1709. 1713. 1716. 1721. 1722. 1726. 1732. 1739. 1740.
 1741. 1742. 1749. 1750. 1753. 1753. 1756. 1759. 1763. 1765. 1765. 1766.
 1768. 1768. 1769. 1772. 1772. 1773. 1783. 1785. 1789. 1792. 1798. 1799.
 1802. 1807. 1808. 1809. 1809. 1812. 1815. 1819. 1822. 1823. 1825. 1828.
 1833. 1834. 1844. 1846. 1848. 1851. 1854. 1854. 1854. 1858. 1859. 1864.
 1866. 1866. 1880. 1881. 1889. 1890. 1891. 1894. 1897. 1898. 1902. 1906.
 1907. 1907. 1908. 1912. 1912. 1913. 1913. 1914. 1914. 1914. 1916. 1917.
 1923. 1923. 1923. 1925. 1936. 1944. 1951. 1953. 1969. 1971. 1972. 2001.
 2027. 2027.]",1837.408163265306,1833.5,81.07319293753312,100,8
/media/caioh/EXTERNAL_HDD1/TCC_CAIO/seccomp/exec_program_seccomp --unshare all --apparmor-profile-exec restricted_native_web_app --fork --no-seccomp --pivot-root /media/caioh/EXTERNAL_HDD1/TCC_CAIO/site_testes_pequenos_performance/C_CPP_Benchmarks/executable_dir /return_0.exe,sandbox(pivot-root),return_0,,custom_container,0,"[2117. 1956. 2042. 2190. 1952. 1831. 1926. 1946. 2015. 1899. 1915. 1868.
 2119. 1960. 1937. 1882. 1910. 1960. 2042. 1974. 1883. 2058. 2036. 1968.
 1877. 1856. 2018. 2611. 2053. 1873. 1906. 1782. 1900. 1868. 1853. 1972.
 2037. 1851. 1973. 1851. 1986. 1884. 1803. 1853. 1826. 1882. 1927. 2026.
 2041. 1962. 2036. 1942. 2032. 2010. 2010. 2012. 1995. 2023. 1824. 1950.
 1920. 2016. 1832. 1845. 1912. 4485. 1992. 2051. 1812. 1961. 1974. 1869.
 2039. 1998. 1963. 2129. 1877. 1885. 1954. 1910. 1821. 2017. 1936. 1893.
 1826. 2095. 1932. 1785. 1935. 2027. 2073. 1816. 1902. 1816. 1845. 1946.
 2054. 2038. 1831. 2097.]","[2. 1. 2. 2. 1. 1. 1. 1. 2. 1. 1. 1. 2. 1. 1. 1. 1. 1. 2. 1. 1. 2. 2. 1.
 1. 1. 2. 2. 2. 1. 1. 1. 1. 1. 1. 1. 2. 1. 1. 1. 1. 1. 1. 1. 1. 1. 1. 2.
 2. 1. 2. 1. 2. 2. 2. 2. 1. 2. 1. 1. 1. 2. 1. 1. 1. 4. 1. 2. 1. 1. 1. 1.
 2. 1. 1. 2. 1. 1. 1. 1. 1. 2. 1. 1. 1. 2. 1. 1. 1. 2. 2. 1. 1. 1. 1. 1.
 2. 2. 1. 2.]",0.0,"[1. 1. 1. 1. 1. 1. 1. 1. 1. 1. 1. 1. 1. 1. 1. 1. 1. 1. 1. 1. 1. 1. 1. 1.
 1. 1. 1. 1. 1. 1. 1. 1. 1. 1. 1. 1. 1. 1. 1. 1. 1. 1. 1. 1. 1. 1. 1. 1.
 1. 1. 1. 1. 1. 1. 1. 1. 1. 1. 1. 1. 1. 1. 1. 1. 1. 1. 1. 2. 2. 2. 2. 2.
 2. 2. 2. 2. 2. 2. 2. 2. 2. 2. 2. 2. 2. 2. 2. 2. 2. 2. 2. 2. 2. 2. 2. 2.
 2. 2.]",1.316326530612245,1.0,0.4674329716656821,"[1785. 1803. 1812. 1816. 1816. 1821. 1824. 1826. 1826. 1831. 1831. 1832.
 1845. 1845. 1851. 1851. 1853. 1853. 1856. 1868. 1868. 1869. 1873. 1877.
 1877. 1882. 1882. 1883. 1884. 1885. 1893. 1899. 1900. 1902. 1906. 1910.
 1910. 1912. 1915. 1920. 1926. 1927. 1932. 1935. 1936. 1937. 1942. 1946.
 1946. 1950. 1952. 1954. 1956. 1960. 1960. 1961. 1962. 1963. 1968. 1972.
 1973. 1974. 1974. 1986. 1992. 1995. 1998. 2010. 2010. 2012. 2015. 2016.
 2017. 2018. 2023. 2026. 2027. 2032. 2036. 2036. 2037. 2038. 2039. 2041.
 2042. 2042. 2051. 2053. 2054. 2058. 2073. 2095. 2097. 2117. 2119. 2129.
 2190. 2611.]",1954.4183673469388,1948.0,109.70672464511239,100,9
"/media/caioh/EXTERNAL_HDD1/TCC_CAIO/seccomp/exec_program_seccomp --unshare all --apparmor-profile-exec restricted_native_web_app --fork --seccomp-syscalls rt_sigaction,uname,arch_prctl,mmap,execve,rseq,rt_sigprocmask,prlimit64,brk,ioctl,mprotect,set_robust_list,write,munmap,readlink,futex,madvise,clone3,set_tid_address,getrandom,newfstatat,exit_group,exit --pivot-root /media/caioh/EXTERNAL_HDD1/TCC_CAIO/site_testes_pequenos_performance/C_CPP_Benchmarks/executable_dir /return_0.exe",sandbox(seccomp),return_0,,custom_container,0,"[2419. 2291. 2090. 2270. 2103. 2630. 2112. 2215. 2183. 2235. 2151. 2100.
 2317. 2103. 2203. 2198. 2176. 2106. 2152. 2234. 2172. 2101. 2124. 2126.
 2264. 2191. 2243. 2187. 1973. 2222. 2041. 2207. 2470. 2192. 2219. 2140.
 2166. 2144. 2193. 2291. 2305. 2063. 2267. 2083. 2249. 2070. 2246. 2241.
 2123. 2199. 2238. 2071. 2118. 1960. 2068. 2070. 2295. 2272. 2307. 2236.
 2151. 2179. 2183. 2039. 2291. 2134. 2330. 2198. 2140. 2115. 2127. 2224.
 2149. 2133. 2247. 2063. 2237. 2163. 2373. 2241. 2292. 2250. 2200. 2103.
 1992. 2213. 2166. 3910. 2226. 2048. 2238. 2284. 2130. 2208. 2272. 2094.
 2204. 2135. 2236. 2104.]","[2. 2. 2. 2. 2. 2. 2. 2. 2. 2. 2. 2. 2. 2. 2. 2. 2. 2. 2. 2. 2. 2. 2. 2.
 2. 2. 2. 2. 1. 2. 2. 2. 2. 2. 2. 2. 2. 2. 2. 2. 2. 2. 2. 2. 2. 2. 2. 2.
 2. 2. 2. 2. 2. 1. 2. 2. 2. 2. 2. 2. 2. 2. 2. 2. 2. 2. 2. 2. 2. 2. 2. 2.
 2. 2. 2. 2. 2. 2. 2. 2. 2. 2. 2. 2. 1. 2. 2. 3. 2. 2. 2. 2. 2. 2. 2. 2.
 2. 2. 2. 2.]",0.0,"[1. 1. 2. 2. 2. 2. 2. 2. 2. 2. 2. 2. 2. 2. 2. 2. 2. 2. 2. 2. 2. 2. 2. 2.
 2. 2. 2. 2. 2. 2. 2. 2. 2. 2. 2. 2. 2. 2. 2. 2. 2. 2. 2. 2. 2. 2. 2. 2.
 2. 2. 2. 2. 2. 2. 2. 2. 2. 2. 2. 2. 2. 2. 2. 2. 2. 2. 2. 2. 2. 2. 2. 2.
 2. 2. 2. 2. 2. 2. 2. 2. 2. 2. 2. 2. 2. 2. 2. 2. 2. 2. 2. 2. 2. 2. 2. 2.
 2. 2.]",1.9795918367346939,2.0,0.142118858106802,"[1973. 1992. 2039. 2041. 2048. 2063. 2063. 2068. 2070. 2070. 2071. 2083.
 2090. 2094. 2100. 2101. 2103. 2103. 2103. 2104. 2106. 2112. 2115. 2118.
 2123. 2124. 2126. 2127. 2130. 2133. 2134. 2135. 2140. 2140. 2144. 2149.
 2151. 2151. 2152. 2163. 2166. 2166. 2172. 2176. 2179. 2183. 2183. 2187.
 2191. 2192. 2193. 2198. 2198. 2199. 2200. 2203. 2204. 2207. 2208. 2213.
 2215. 2219. 2222. 2224. 2226. 2234. 2235. 2236. 2236. 2237. 2238. 2238.
 2241. 2241. 2243. 2246. 2247. 2249. 2250. 2264. 2267. 2270. 2272. 2272.
 2284. 2291. 2291. 2291. 2292. 2295. 2305. 2307. 2317. 2330. 2373. 2419.
 2470. 2630.]",2189.6632653061224,2191.5,98.65455130058947,100,10
/media/caioh/EXTERNAL_HDD1/TCC_CAIO/site_testes_pequenos_performance/C_CPP_Benchmarks/executable_dir/cpu_single_thread_no_op_loop.exe 1000000,cpu_single_thread_no_op_loop.exe,cpu_single_thread_no_op_loop,1000000,native,0,"[332488.   1739.   1619.   1459.   1846.   1574.   1562.   1429.   1323.
   1591.   1581.   1498.   1326.   1507.   1632.]","[332.   1.   1.   1.   1.   1.   1.   1.   1.   1.   1.   1.   1.   1.
   1.]",0.0,[1. 1. 1. 1. 1. 1. 1. 1. 1. 1. 1. 1. 1.],1.0,1.0,0.0,"[1326. 1429. 1459. 1498. 1507. 1562. 1574. 1581. 1591. 1619. 1632. 1739.
 1846.]",1566.3846153846155,1574.0,133.02414471411976,15,11
/media/caioh/EXTERNAL_HDD1/TCC_CAIO/seccomp/exec_program_seccomp --unshare all --apparmor-profile-exec restricted_native_web_app --fork --host-filesystem --no-seccomp /media/caioh/EXTERNAL_HDD1/TCC_CAIO/site_testes_pequenos_performance/C_CPP_Benchmarks/executable_dir/cpu_single_thread_no_op_loop.exe 1000000,sandbox,cpu_single_thread_no_op_loop,1000000,custom_container,0,"[2736. 2589. 2550. 2634. 2293. 2679. 2618. 2647. 2571. 2382. 2466. 2611.
 2476. 2643. 2572.]",[2. 2. 2. 2. 2. 2. 2. 2. 2. 2. 2. 2. 2. 2. 2.],0.0,[2. 2. 2. 2. 2. 2. 2. 2. 2. 2. 2. 2. 2.],2.0,2.0,0.0,"[2382. 2466. 2476. 2550. 2571. 2572. 2589. 2611. 2618. 2634. 2643. 2647.
 2679.]",2572.153846153846,2589.0,85.10860331937282,15,12
/media/caioh/EXTERNAL_HDD1/TCC_CAIO/seccomp/exec_program_seccomp --unshare all --apparmor-profile-exec restricted_native_web_app --fork --no-seccomp --pivot-root /media/caioh/EXTERNAL_HDD1/TCC_CAIO/site_testes_pequenos_performance/C_CPP_Benchmarks/executable_dir /cpu_single_thread_no_op_loop.exe 1000000,sandbox(pivot-root),cpu_single_thread_no_op_loop,1000000,custom_container,0,"[2838. 2690. 2542. 2702. 2658. 2763. 2688. 2741. 2469. 2684. 2658. 2724.
 2530. 2625. 2604.]",[2. 2. 2. 2. 2. 2. 2. 2. 2. 2. 2. 2. 2. 2. 2.],0.0,[2. 2. 2. 2. 2. 2. 2. 2. 2. 2. 2. 2. 2.],2.0,2.0,0.0,"[2530. 2542. 2604. 2625. 2658. 2658. 2684. 2688. 2690. 2702. 2724. 2741.
 2763.]",2662.230769230769,2684.0,70.956740161587,15,13
"/media/caioh/EXTERNAL_HDD1/TCC_CAIO/seccomp/exec_program_seccomp --unshare all --apparmor-profile-exec restricted_native_web_app --fork --seccomp-syscalls rt_sigaction,uname,arch_prctl,mmap,execve,rseq,rt_sigprocmask,prlimit64,brk,ioctl,mprotect,set_robust_list,write,munmap,readlink,futex,madvise,clone3,set_tid_address,getrandom,newfstatat,exit_group,exit --pivot-root /media/caioh/EXTERNAL_HDD1/TCC_CAIO/site_testes_pequenos_performance/C_CPP_Benchmarks/executable_dir /cpu_single_thread_no_op_loop.exe 1000000",sandbox(seccomp),cpu_single_thread_no_op_loop,1000000,custom_container,0,"[3961. 4119. 3931. 3927. 3854. 4101. 3943. 4132. 3959. 3964. 3925. 4077.
 3983. 3896. 3866.]",[3. 4. 3. 3. 3. 4. 3. 4. 3. 3. 3. 4. 3. 3. 3.],0.0,[3. 3. 3. 3. 3. 3. 3. 3. 3. 3. 4. 4. 4.],3.230769230769231,3.0,0.4385290096535146,"[3866. 3896. 3925. 3927. 3931. 3943. 3959. 3961. 3964. 3983. 4077. 4101.
 4119.]",3973.230769230769,3959.0,78.26147822753525,15,14
/media/caioh/EXTERNAL_HDD1/TCC_CAIO/site_testes_pequenos_performance/C_CPP_Benchmarks/executable_dir/prime_number.exe 919393,prime_number.exe,prime_number,919393,native,0,"[44916.  2881.  2728.  2784.  2766.  2650.  2762.  2811.  2661.  2762.
  2752.  2737.  2761.  2780.  2970.]",[44.  2.  2.  2.  2.  2.  2.  2.  2.  2.  2.  2.  2.  2.  2.],0.0,[2. 2. 2. 2. 2. 2. 2. 2. 2. 2. 2. 2. 2.],2.0,2.0,0.0,"[2661. 2728. 2737. 2752. 2761. 2762. 2762. 2766. 2780. 2784. 2811. 2881.
 2970.]",2781.153846153846,2762.0,75.25716594212822,15,15
/media/caioh/EXTERNAL_HDD1/TCC_CAIO/seccomp/exec_program_seccomp --unshare all --apparmor-profile-exec restricted_native_web_app --fork --host-filesystem --no-seccomp /media/caioh/EXTERNAL_HDD1/TCC_CAIO/site_testes_pequenos_performance/C_CPP_Benchmarks/executable_dir/prime_number.exe 919393,sandbox,prime_number,919393,custom_container,0,"[3805. 3693. 3737. 3771. 3731. 3677. 3809. 3909. 3815. 3990. 3556. 3843.
 3749. 4812. 3622.]",[3. 3. 3. 3. 3. 3. 3. 3. 3. 3. 3. 3. 3. 4. 3.],0.0,[3. 3. 3. 3. 3. 3. 3. 3. 3. 3. 3. 3. 3.],3.0,3.0,0.0,"[3622. 3677. 3693. 3731. 3737. 3749. 3771. 3805. 3809. 3815. 3843. 3909.
 3990.]",3780.846153846154,3771.0,98.24531045114075,15,16
/media/caioh/EXTERNAL_HDD1/TCC_CAIO/seccomp/exec_program_seccomp --unshare all --apparmor-profile-exec restricted_native_web_app --fork --no-seccomp --pivot-root /media/caioh/EXTERNAL_HDD1/TCC_CAIO/site_testes_pequenos_performance/C_CPP_Benchmarks/executable_dir /prime_number.exe 919393,sandbox(pivot-root),prime_number,919393,custom_container,0,"[3977. 3936. 3894. 4005. 3923. 3829. 4017. 3925. 3834. 3812. 3786. 3833.
 4042. 4105. 4010.]",[3. 3. 3. 4. 3. 3. 4. 3. 3. 3. 3. 3. 4. 4. 4.],0.0,[3. 3. 3. 3. 3. 3. 3. 3. 3. 4. 4. 4. 4.],3.3076923076923075,3.0,0.48038446141526137,"[3812. 3829. 3833. 3834. 3894. 3923. 3925. 3936. 3977. 4005. 4010. 4017.
 4042.]",3925.923076923077,3925.0,80.77072648187743,15,17
"/media/caioh/EXTERNAL_HDD1/TCC_CAIO/seccomp/exec_program_seccomp --unshare all --apparmor-profile-exec restricted_native_web_app --fork --seccomp-syscalls rt_sigaction,uname,arch_prctl,mmap,execve,rseq,rt_sigprocmask,prlimit64,brk,ioctl,mprotect,set_robust_list,write,munmap,readlink,futex,madvise,clone3,set_tid_address,getrandom,newfstatat,exit_group,exit --pivot-root /media/caioh/EXTERNAL_HDD1/TCC_CAIO/site_testes_pequenos_performance/C_CPP_Benchmarks/executable_dir /prime_number.exe 919393",sandbox(seccomp),prime_number,919393,custom_container,0,"[4131. 4289. 4081. 4183. 4093. 4299. 4031. 4255. 4115. 4059. 4013. 4149.
 4101. 4299. 4039.]",[4. 4. 4. 4. 4. 4. 4. 4. 4. 4. 4. 4. 4. 4. 4.],0.0,[4. 4. 4. 4. 4. 4. 4. 4. 4. 4. 4. 4. 4.],4.0,4.0,0.0,"[4031. 4039. 4059. 4081. 4093. 4101. 4115. 4131. 4149. 4183. 4255. 4289.
 4299.]",4140.384615384615,4115.0,90.91895517578504,15,18
/media/caioh/EXTERNAL_HDD1/TCC_CAIO/site_testes_pequenos_performance/C_CPP_Benchmarks/executable_dir/prime_number.exe 2147483647,prime_number.exe,prime_number,2147483647,native,0,"[4079072. 4073638. 4073524. 4073627. 4073779. 4074121. 4073579. 4073490.
 4074358. 4073620. 4073687. 4073905. 4074427. 4073553. 4076013.]","[4079. 4073. 4073. 4073. 4073. 4074. 4073. 4073. 4074. 4073. 4073. 4073.
 4074. 4073. 4076.]",0.0,"[4073. 4073. 4073. 4073. 4073. 4073. 4073. 4073. 4073. 4074. 4074. 4074.
 4076.]",4073.4615384615386,4073.0,0.8770580193070292,"[4073524. 4073553. 4073579. 4073620. 4073627. 4073638. 4073687. 4073779.
 4073905. 4074121. 4074358. 4074427. 4076013.]",4073987.0,4073687.0,680.020833014205,15,19
/media/caioh/EXTERNAL_HDD1/TCC_CAIO/seccomp/exec_program_seccomp --unshare all --apparmor-profile-exec restricted_native_web_app --fork --host-filesystem --no-seccomp /media/caioh/EXTERNAL_HDD1/TCC_CAIO/site_testes_pequenos_performance/C_CPP_Benchmarks/executable_dir/prime_number.exe 2147483647,sandbox,prime_number,2147483647,custom_container,0,"[4074816. 4074565. 4074752. 4075168. 4075257. 4074919. 4074833. 4075696.
 4074526. 4074837. 4074281. 4075481. 4076089. 4076908. 4075310.]","[4074. 4074. 4074. 4075. 4075. 4074. 4074. 4075. 4074. 4074. 4074. 4075.
 4076. 4076. 4075.]",0.0,"[4074. 4074. 4074. 4074. 4074. 4074. 4074. 4075. 4075. 4075. 4075. 4075.
 4076.]",4074.5384615384614,4074.0,0.6602252917735248,"[4074526. 4074565. 4074752. 4074816. 4074833. 4074837. 4074919. 4075168.
 4075257. 4075310. 4075481. 4075696. 4076089.]",4075096.076923077,4074919.0,460.28532121182934,15,20
/media/caioh/EXTERNAL_HDD1/TCC_CAIO/seccomp/exec_program_seccomp --unshare all --apparmor-profile-exec restricted_native_web_app --fork --no-seccomp --pivot-root /media/caioh/EXTERNAL_HDD1/TCC_CAIO/site_testes_pequenos_performance/C_CPP_Benchmarks/executable_dir /prime_number.exe 2147483647,sandbox(pivot-root),prime_number,2147483647,custom_container,0,"[4079963. 4082666. 4075166. 4075102. 4074982. 4074776. 4074728. 4074662.
 4074887. 4076859. 4075224. 4074901. 4075399. 4074891. 4074813.]","[4079. 4082. 4075. 4075. 4074. 4074. 4074. 4074. 4074. 4076. 4075. 4074.
 4075. 4074. 4074.]",0.0,"[4074. 4074. 4074. 4074. 4074. 4074. 4074. 4075. 4075. 4075. 4075. 4076.
 4079.]",4074.846153846154,4074.0,1.4051188470584879,"[4074728. 4074776. 4074813. 4074887. 4074891. 4074901. 4074982. 4075102.
 4075166. 4075224. 4075399. 4076859. 4079963.]",4075514.6923076925,4074982.0,1445.8182449519363,15,21
"/media/caioh/EXTERNAL_HDD1/TCC_CAIO/seccomp/exec_program_seccomp --unshare all --apparmor-profile-exec restricted_native_web_app --fork --seccomp-syscalls rt_sigaction,uname,arch_prctl,mmap,execve,rseq,rt_sigprocmask,prlimit64,brk,ioctl,mprotect,set_robust_list,write,munmap,readlink,futex,madvise,clone3,set_tid_address,getrandom,newfstatat,exit_group,exit --pivot-root /media/caioh/EXTERNAL_HDD1/TCC_CAIO/site_testes_pequenos_performance/C_CPP_Benchmarks/executable_dir /prime_number.exe 2147483647",sandbox(seccomp),prime_number,2147483647,custom_container,0,"[4348042. 4338987. 4331542. 4342432. 4352820. 4350090. 4347087. 4343178.
 4341058. 4344705. 4352481. 4354140. 4343348. 4351133. 4342929.]","[4348. 4338. 4331. 4342. 4352. 4350. 4347. 4343. 4341. 4344. 4352. 4354.
 4343. 4351. 4342.]",0.0,"[4338. 4341. 4342. 4342. 4343. 4343. 4344. 4347. 4348. 4350. 4351. 4352.
 4352.]",4345.615384615385,4344.0,4.64647647037447,"[4338987. 4341058. 4342432. 4342929. 4343178. 4343348. 4344705. 4347087.
 4348042. 4350090. 4351133. 4352481. 4352820.]",4346022.307692308,4344705.0,4558.667794882905,15,22
/media/caioh/EXTERNAL_HDD1/TCC_CAIO/site_testes_pequenos_performance/C_CPP_Benchmarks/executable_dir/matrix_addition_single_multi.exe 10000 10 1 multi,matrix_addition_single_multi.exe,matrix_addition_single_multi,10000 10 1 multi,native,0,"[326828.   1259.   1094.   1130.   1090.   1218.   1023.   1026.    982.
    991.   1067.   1032.   1073.   1055.   1091.]","[326.   1.   1.   1.   1.   1.   1.   1.   0.   0.   1.   1.   1.   1.
   1.]",0.0,[0. 1. 1. 1. 1. 1. 1. 1. 1. 1. 1. 1. 1.],0.9230769230769231,1.0,0.2773500981126146,"[ 991. 1023. 1026. 1032. 1055. 1067. 1073. 1090. 1091. 1094. 1130. 1218.
 1259.]",1088.3846153846155,1073.0,76.55122300518616,15,23
/media/caioh/EXTERNAL_HDD1/TCC_CAIO/seccomp/exec_program_seccomp --unshare all --apparmor-profile-exec restricted_native_web_app --fork --host-filesystem --no-seccomp /media/caioh/EXTERNAL_HDD1/TCC_CAIO/site_testes_pequenos_performance/C_CPP_Benchmarks/executable_dir/matrix_addition_single_multi.exe 10000 10 1 multi,sandbox,matrix_addition_single_multi,10000 10 1 multi,custom_container,0,"[2150. 2028. 1987. 2065. 2217. 2040. 2028. 2136. 2070. 2137. 2179. 2063.
 2223. 2067. 2087.]",[2. 2. 1. 2. 2. 2. 2. 2. 2. 2. 2. 2. 2. 2. 2.],0.0,[2. 2. 2. 2. 2. 2. 2. 2. 2. 2. 2. 2. 2.],2.0,2.0,0.0,"[2028. 2028. 2040. 2063. 2065. 2067. 2070. 2087. 2136. 2137. 2150. 2179.
 2217.]",2097.4615384615386,2070.0,60.367783053291184,15,24
/media/caioh/EXTERNAL_HDD1/TCC_CAIO/seccomp/exec_program_seccomp --unshare all --apparmor-profile-exec restricted_native_web_app --fork --no-seccomp --pivot-root /media/caioh/EXTERNAL_HDD1/TCC_CAIO/site_testes_pequenos_performance/C_CPP_Benchmarks/executable_dir /matrix_addition_single_multi.exe 10000 10 1 multi,sandbox(pivot-root),matrix_addition_single_multi,10000 10 1 multi,custom_container,0,"[2376. 2308. 2245. 2144. 2262. 2188. 2044. 2236. 2255. 2173. 2192. 2180.
 2230. 2282. 2201.]",[2. 2. 2. 2. 2. 2. 2. 2. 2. 2. 2. 2. 2. 2. 2.],0.0,[2. 2. 2. 2. 2. 2. 2. 2. 2. 2. 2. 2. 2.],2.0,2.0,0.0,"[2144. 2173. 2180. 2188. 2192. 2201. 2230. 2236. 2245. 2255. 2262. 2282.
 2308.]",2222.769230769231,2230.0,47.62029302400719,15,25
"/media/caioh/EXTERNAL_HDD1/TCC_CAIO/seccomp/exec_program_seccomp --unshare all --apparmor-profile-exec restricted_native_web_app --fork --seccomp-syscalls rt_sigaction,uname,arch_prctl,mmap,execve,rseq,rt_sigprocmask,prlimit64,brk,ioctl,mprotect,set_robust_list,write,munmap,readlink,futex,madvise,clone3,set_tid_address,getrandom,newfstatat,exit_group,exit --pivot-root /media/caioh/EXTERNAL_HDD1/TCC_CAIO/site_testes_pequenos_performance/C_CPP_Benchmarks/executable_dir /matrix_addition_single_multi.exe 10000 10 1 multi",sandbox(seccomp),matrix_addition_single_multi,10000 10 1 multi,custom_container,0,"[2483. 2315. 2462. 2498. 2440. 2551. 2545. 2365. 2474. 2510. 2490. 2400.
 2371. 2223. 2535.]",[2. 2. 2. 2. 2. 2. 2. 2. 2. 2. 2. 2. 2. 2. 2.],0.0,[2. 2. 2. 2. 2. 2. 2. 2. 2. 2. 2. 2. 2.],2.0,2.0,0.0,"[2315. 2365. 2371. 2400. 2440. 2462. 2474. 2483. 2490. 2498. 2510. 2535.
 2545.]",2452.923076923077,2474.0,70.55903147774156,15,26
/media/caioh/EXTERNAL_HDD1/TCC_CAIO/site_testes_pequenos_performance/C_CPP_Benchmarks/executable_dir/cpu_multi_thread_no_op_loop.exe 1000000000 12,cpu_multi_thread_no_op_loop.exe,cpu_multi_thread_no_op_loop,1000000000 12,native,0,"[1007913.  952442.  953643.  951319.  952346.  953387.  953156.  955912.
  955238.  952101.  953494.  953785.  953142.  949400.  953018.]","[1007.  952.  953.  951.  952.  953.  953.  955.  955.  952.  953.  953.
  953.  949.  953.]",0.0,[951. 952. 952. 952. 953. 953. 953. 953. 953. 953. 953. 955. 955.],952.9230769230769,953.0,1.1151635501529555,"[951319. 952101. 952346. 952442. 953018. 953142. 953156. 953387. 953494.
 953643. 953785. 955238. 955912.]",953306.3846153846,953156.0,1228.4612012908358,15,27
/media/caioh/EXTERNAL_HDD1/TCC_CAIO/seccomp/exec_program_seccomp --unshare all --apparmor-profile-exec restricted_native_web_app --fork --host-filesystem --no-seccomp /media/caioh/EXTERNAL_HDD1/TCC_CAIO/site_testes_pequenos_performance/C_CPP_Benchmarks/executable_dir/cpu_multi_thread_no_op_loop.exe 1000000000 12,sandbox,cpu_multi_thread_no_op_loop,1000000000 12,custom_container,0,"[954633. 954143. 951726. 953416. 954021. 954313. 954828. 954656. 953884.
 953183. 952613. 954252. 954456. 953671. 955608.]","[954. 954. 951. 953. 954. 954. 954. 954. 953. 953. 952. 954. 954. 953.
 955.]",0.0,[952. 953. 953. 953. 953. 954. 954. 954. 954. 954. 954. 954. 954.],953.5384615384615,954.0,0.6602252917735248,"[952613. 953183. 953416. 953671. 953884. 954021. 954143. 954252. 954313.
 954456. 954633. 954656. 954828.]",954005.3076923077,954143.0,642.9458744217101,15,28
/media/caioh/EXTERNAL_HDD1/TCC_CAIO/seccomp/exec_program_seccomp --unshare all --apparmor-profile-exec restricted_native_web_app --fork --no-seccomp --pivot-root /media/caioh/EXTERNAL_HDD1/TCC_CAIO/site_testes_pequenos_performance/C_CPP_Benchmarks/executable_dir /cpu_multi_thread_no_op_loop.exe 1000000000 12,sandbox(pivot-root),cpu_multi_thread_no_op_loop,1000000000 12,custom_container,0,"[957196. 957713. 954456. 953983. 957175. 960264. 953999. 954493. 956421.
 953175. 954422. 953871. 957968. 956190. 956090.]","[957. 957. 954. 953. 957. 960. 953. 954. 956. 953. 954. 953. 957. 956.
 956.]",0.0,[953. 953. 953. 954. 954. 954. 956. 956. 956. 957. 957. 957. 957.],955.1538461538462,956.0,1.6756169931378435,"[953871. 953983. 953999. 954422. 954456. 954493. 956090. 956190. 956421.
 957175. 957196. 957713. 957968.]",955690.5384615385,956090.0,1536.9046606401569,15,29
"/media/caioh/EXTERNAL_HDD1/TCC_CAIO/seccomp/exec_program_seccomp --unshare all --apparmor-profile-exec restricted_native_web_app --fork --seccomp-syscalls rt_sigaction,uname,arch_prctl,mmap,execve,rseq,rt_sigprocmask,prlimit64,brk,ioctl,mprotect,set_robust_list,write,munmap,readlink,futex,madvise,clone3,set_tid_address,getrandom,newfstatat,exit_group,exit --pivot-root /media/caioh/EXTERNAL_HDD1/TCC_CAIO/site_testes_pequenos_performance/C_CPP_Benchmarks/executable_dir /cpu_multi_thread_no_op_loop.exe 1000000000 12",sandbox(seccomp),cpu_multi_thread_no_op_loop,1000000000 12,custom_container,0,"[2226675. 2226778. 2226251. 2227274. 2237105. 2228761. 2223902. 2224855.
 2224923. 2223492. 2227259. 2225721. 2225359. 2224976. 2226347.]","[2226. 2226. 2226. 2227. 2237. 2228. 2223. 2224. 2224. 2223. 2227. 2225.
 2225. 2224. 2226.]",0.0,"[2223. 2224. 2224. 2224. 2225. 2225. 2226. 2226. 2226. 2226. 2227. 2227.
 2228.]",2225.4615384615386,2226.0,1.4500221041639685,"[2223902. 2224855. 2224923. 2224976. 2225359. 2225721. 2226251. 2226347.
 2226675. 2226778. 2227259. 2227274. 2228761.]",2226083.153846154,2226251.0,1303.6987028037988,15,30
/media/caioh/EXTERNAL_HDD1/TCC_CAIO/site_testes_pequenos_performance/C_CPP_Benchmarks/executable_dir/prime_number_multi.exe 2147483647 12,prime_number_multi.exe,prime_number_multi,2147483647 12,native,0,"[8471407. 8148626. 8147502. 8147917. 8148839. 8147636. 8147254. 8147341.
 8147616. 8149650. 8147993. 8147884. 8149546. 8147636. 8147183.]","[8471. 8148. 8147. 8147. 8148. 8147. 8147. 8147. 8147. 8149. 8147. 8147.
 8149. 8147. 8147.]",0.0,"[8147. 8147. 8147. 8147. 8147. 8147. 8147. 8147. 8147. 8148. 8148. 8149.
 8149.]",8147.461538461538,8147.0,0.7762500258061847,"[8147254. 8147341. 8147502. 8147616. 8147636. 8147636. 8147884. 8147917.
 8147993. 8148626. 8148839. 8149546. 8149650.]",8148110.769230769,8147884.0,802.109110807891,15,31
/media/caioh/EXTERNAL_HDD1/TCC_CAIO/seccomp/exec_program_seccomp --unshare all --apparmor-profile-exec restricted_native_web_app --fork --host-filesystem --no-seccomp /media/caioh/EXTERNAL_HDD1/TCC_CAIO/site_testes_pequenos_performance/C_CPP_Benchmarks/executable_dir/prime_number_multi.exe 2147483647 12,sandbox,prime_number_multi,2147483647 12,custom_container,0,"[8148555. 8150136. 8151700. 8150278. 8150548. 8149984. 8151347. 8151445.
 8151517. 8151266. 8150641. 8150931. 8149475. 8151976. 8152143.]","[8148. 8150. 8151. 8150. 8150. 8149. 8151. 8151. 8151. 8151. 8150. 8150.
 8149. 8151. 8152.]",0.0,"[8149. 8149. 8150. 8150. 8150. 8150. 8150. 8151. 8151. 8151. 8151. 8151.
 8151.]",8150.307692307692,8150.0,0.7510676161988108,"[8149475. 8149984. 8150136. 8150278. 8150548. 8150641. 8150931. 8151266.
 8151347. 8151445. 8151517. 8151700. 8151976.]",8150864.923076923,8150931.0,754.1809532575126,15,32
/media/caioh/EXTERNAL_HDD1/TCC_CAIO/seccomp/exec_program_seccomp --unshare all --apparmor-profile-exec restricted_native_web_app --fork --no-seccomp --pivot-root /media/caioh/EXTERNAL_HDD1/TCC_CAIO/site_testes_pequenos_performance/C_CPP_Benchmarks/executable_dir /prime_number_multi.exe 2147483647 12,sandbox(pivot-root),prime_number_multi,2147483647 12,custom_container,0,"[8151602. 8152505. 8152144. 8152898. 8150386. 8153114. 8151797. 8153234.
 8153022. 8152869. 8153150. 8150968. 8153900. 8152903. 8153539.]","[8151. 8152. 8152. 8152. 8150. 8153. 8151. 8153. 8153. 8152. 8153. 8150.
 8153. 8152. 8153.]",0.0,"[8150. 8151. 8151. 8152. 8152. 8152. 8152. 8152. 8153. 8153. 8153. 8153.
 8153.]",8152.076923076923,8152.0,0.9540735874430285,"[8150968. 8151602. 8151797. 8152144. 8152505. 8152869. 8152898. 8152903.
 8153022. 8153114. 8153150. 8153234. 8153539.]",8152595.769230769,8152898.0,752.9052788859691,15,33
"/media/caioh/EXTERNAL_HDD1/TCC_CAIO/seccomp/exec_program_seccomp --unshare all --apparmor-profile-exec restricted_native_web_app --fork --seccomp-syscalls rt_sigaction,uname,arch_prctl,mmap,execve,rseq,rt_sigprocmask,prlimit64,brk,ioctl,mprotect,set_robust_list,write,munmap,readlink,futex,madvise,clone3,set_tid_address,getrandom,newfstatat,exit_group,exit --pivot-root /media/caioh/EXTERNAL_HDD1/TCC_CAIO/site_testes_pequenos_performance/C_CPP_Benchmarks/executable_dir /prime_number_multi.exe 2147483647 12",sandbox(seccomp),prime_number_multi,2147483647 12,custom_container,0,"[8156507. 8155844. 8155923. 8154174. 8155675. 8155700. 8155597. 8155259.
 8156034. 8155686. 8153543. 8155361. 8154327. 8154975. 8154635.]","[8156. 8155. 8155. 8154. 8155. 8155. 8155. 8155. 8156. 8155. 8153. 8155.
 8154. 8154. 8154.]",0.0,"[8154. 8154. 8154. 8154. 8155. 8155. 8155. 8155. 8155. 8155. 8155. 8155.
 8156.]",8154.7692307692305,8155.0,0.5991446895152781,"[8154174. 8154327. 8154635. 8154975. 8155259. 8155361. 8155597. 8155675.
 8155686. 8155700. 8155844. 8155923. 8156034.]",8155322.307692308,8155597.0,613.8701524773493,15,34
/media/caioh/EXTERNAL_HDD1/TCC_CAIO/site_testes_pequenos_performance/C_CPP_Benchmarks/executable_dir/fibonnaci_multi.exe 999999999 12,fibonnaci_multi.exe,fibonnaci_multi,999999999 12,native,0,"[2607928. 2281987. 2280851. 2280406. 2280125. 2280144. 2281558. 2280077.
 2280555. 2280451. 2280886. 2280186. 2280586. 2280113. 2280888.]","[2607. 2281. 2280. 2280. 2280. 2280. 2281. 2280. 2280. 2280. 2280. 2280.
 2280. 2280. 2280.]",0.0,"[2280. 2280. 2280. 2280. 2280. 2280. 2280. 2280. 2280. 2280. 2280. 2281.
 2281.]",2280.153846153846,2280.0,0.3755338080994054,"[2280113. 2280125. 2280144. 2280186. 2280406. 2280451. 2280555. 2280586.
 2280851. 2280886. 2280888. 2281558. 2281987.]",2280672.0,2280555.0,570.5308931162273,15,35
/media/caioh/EXTERNAL_HDD1/TCC_CAIO/seccomp/exec_program_seccomp --unshare all --apparmor-profile-exec restricted_native_web_app --fork --host-filesystem --no-seccomp /media/caioh/EXTERNAL_HDD1/TCC_CAIO/site_testes_pequenos_performance/C_CPP_Benchmarks/executable_dir/fibonnaci_multi.exe 999999999 12,sandbox,fibonnaci_multi,999999999 12,custom_container,0,"[2281807. 2281360. 2281337. 2281280. 2281861. 2281717. 2281650. 2281575.
 2281751. 2281681. 2282083. 2281806. 2281781. 2281479. 2283434.]","[2281. 2281. 2281. 2281. 2281. 2281. 2281. 2281. 2281. 2281. 2282. 2281.
 2281. 2281. 2283.]",0.0,"[2281. 2281. 2281. 2281. 2281. 2281. 2281. 2281. 2281. 2281. 2281. 2281.
 2282.]",2281.076923076923,2281.0,0.2773500981126146,"[2281337. 2281360. 2281479. 2281575. 2281650. 2281681. 2281717. 2281751.
 2281781. 2281806. 2281807. 2281861. 2282083.]",2281683.6923076925,2281717.0,207.36135312355282,15,36
/media/caioh/EXTERNAL_HDD1/TCC_CAIO/seccomp/exec_program_seccomp --unshare all --apparmor-profile-exec restricted_native_web_app --fork --no-seccomp --pivot-root /media/caioh/EXTERNAL_HDD1/TCC_CAIO/site_testes_pequenos_performance/C_CPP_Benchmarks/executable_dir /fibonnaci_multi.exe 999999999 12,sandbox(pivot-root),fibonnaci_multi,999999999 12,custom_container,0,"[2281424. 2281806. 2286997. 2282984. 2283052. 2282890. 2285742. 2285242.
 2285513. 2283382. 2285409. 2286993. 2284028. 2283737. 2283591.]","[2281. 2281. 2286. 2282. 2283. 2282. 2285. 2285. 2285. 2283. 2285. 2286.
 2284. 2283. 2283.]",0.0,"[2281. 2282. 2282. 2283. 2283. 2283. 2283. 2284. 2285. 2285. 2285. 2285.
 2286.]",2283.6153846153848,2283.0,1.5021352323976216,"[2281806. 2282890. 2282984. 2283052. 2283382. 2283591. 2283737. 2284028.
 2285242. 2285409. 2285513. 2285742. 2286993.]",2284182.230769231,2283737.0,1471.2176450051022,15,37
"/media/caioh/EXTERNAL_HDD1/TCC_CAIO/seccomp/exec_program_seccomp --unshare all --apparmor-profile-exec restricted_native_web_app --fork --seccomp-syscalls rt_sigaction,uname,arch_prctl,mmap,execve,rseq,rt_sigprocmask,prlimit64,brk,ioctl,mprotect,set_robust_list,write,munmap,readlink,futex,madvise,clone3,set_tid_address,getrandom,newfstatat,exit_group,exit --pivot-root /media/caioh/EXTERNAL_HDD1/TCC_CAIO/site_testes_pequenos_performance/C_CPP_Benchmarks/executable_dir /fibonnaci_multi.exe 999999999 12",sandbox(seccomp),fibonnaci_multi,999999999 12,custom_container,0,"[4574425. 4573661. 4572077. 4572376. 4570957. 4572229. 4573775. 4572306.
 4575185. 4571359. 4570843. 4571962. 4570849. 4572837. 4573018.]","[4574. 4573. 4572. 4572. 4570. 4572. 4573. 4572. 4575. 4571. 4570. 4571.
 4570. 4572. 4573.]",0.0,"[4570. 4570. 4571. 4571. 4572. 4572. 4572. 4572. 4572. 4573. 4573. 4573.
 4574.]",4571.923076923077,4572.0,1.1875421719907089,"[4570849. 4570957. 4571359. 4571962. 4572077. 4572229. 4572306. 4572376.
 4572837. 4573018. 4573661. 4573775. 4574425.]",4572448.538461538,4572306.0,1081.2798447044606,15,38
google-chrome --incognito,chrome,return_0,,web_wasm,0,"[484.99999987 104.99999998  30.00000003  54.99999993  15.00000013
  10.00000001 165.00000004  14.9999999    9.99999978  20.00000002
   4.99999989   4.99999989  10.00000001   5.00000012  10.00000001
   4.99999989  40.00000004  14.9999999    5.00000012   5.00000012
   4.99999989  10.00000001   5.00000012   4.99999989   5.00000012
   4.99999989  15.00000013   5.00000012  10.00000001   0.
  10.00000001   4.99999989   5.00000012   4.99999989   5.00000012
   4.99999989   4.99999989   5.00000012  10.00000001   0.
  10.00000001   4.99999989   5.00000012   4.99999989   5.00000012
  10.00000001   4.99999989   5.00000012   0.           4.99999989
  10.00000001   5.00000012   4.99999989   5.00000012   4.99999989
   5.00000012  10.00000001   0.           4.99999989   5.00000012
   4.99999989   5.00000012   4.99999989   5.00000012   4.99999989
  10.00000001   0.          10.00000001   0.          10.00000001
   5.00000012   4.99999989  10.00000001   0.           4.99999989
   0.           0.           0.          10.00000001   5.00000012
   4.99999989   4.99999989   5.00000012  10.00000001   0.
  10.00000001   4.99999989   5.00000012   4.99999989   5.00000012
   4.99999989   5.00000012  10.00000001   4.99999989   5.00000012
   4.99999989   5.00000012   4.99999989   5.00000012   4.99999989]","[0.485 0.105 0.03  0.055 0.015 0.01  0.165 0.015 0.01  0.02  0.005 0.005
 0.01  0.005 0.01  0.005 0.04  0.015 0.005 0.005 0.005 0.01  0.005 0.005
 0.005 0.005 0.015 0.005 0.01  0.    0.01  0.005 0.005 0.005 0.005 0.005
 0.005 0.005 0.01  0.    0.01  0.005 0.005 0.005 0.005 0.01  0.005 0.005
 0.    0.005 0.01  0.005 0.005 0.005 0.005 0.005 0.01  0.    0.005 0.005
 0.005 0.005 0.005 0.005 0.005 0.01  0.    0.01  0.    0.01  0.005 0.005
 0.01  0.    0.005 0.    0.    0.    0.01  0.005 0.005 0.005 0.005 0.01
 0.    0.01  0.005 0.005 0.005 0.005 0.005 0.005 0.01  0.005 0.005 0.005
 0.005 0.005 0.005 0.005]",76.78000000002794,"[0.    0.    0.    0.    0.    0.    0.    0.    0.    0.    0.005 0.005
 0.005 0.005 0.005 0.005 0.005 0.005 0.005 0.005 0.005 0.005 0.005 0.005
 0.005 0.005 0.005 0.005 0.005 0.005 0.005 0.005 0.005 0.005 0.005 0.005
 0.005 0.005 0.005 0.005 0.005 0.005 0.005 0.005 0.005 0.005 0.005 0.005
 0.005 0.005 0.005 0.005 0.005 0.005 0.005 0.005 0.005 0.005 0.005 0.005
 0.005 0.005 0.005 0.005 0.005 0.005 0.005 0.005 0.01  0.01  0.01  0.01
 0.01  0.01  0.01  0.01  0.01  0.01  0.01  0.01  0.01  0.01  0.01  0.01
 0.01  0.01  0.01  0.01  0.015 0.015 0.015 0.015 0.02  0.03  0.04  0.055
 0.105 0.165]",0.009846938773989677,0.005000000121071935,0.02005731583371235,"[  0.           0.           0.           0.           0.
   0.           0.           0.           0.           0.
   4.99999989   4.99999989   4.99999989   4.99999989   4.99999989
   4.99999989   4.99999989   4.99999989   4.99999989   4.99999989
   4.99999989   4.99999989   4.99999989   4.99999989   4.99999989
   4.99999989   4.99999989   4.99999989   4.99999989   4.99999989
   4.99999989   4.99999989   4.99999989   4.99999989   4.99999989
   4.99999989   4.99999989   4.99999989   4.99999989   4.99999989
   4.99999989   5.00000012   5.00000012   5.00000012   5.00000012
   5.00000012   5.00000012   5.00000012   5.00000012   5.00000012
   5.00000012   5.00000012   5.00000012   5.00000012   5.00000012
   5.00000012   5.00000012   5.00000012   5.00000012   5.00000012
   5.00000012   5.00000012   5.00000012   5.00000012   5.00000012
   5.00000012   5.00000012   5.00000012   9.99999978  10.00000001
  10.00000001  10.00000001  10.00000001  10.00000001  10.00000001
  10.00000001  10.00000001  10.00000001  10.00000001  10.00000001
  10.00000001  10.00000001  10.00000001  10.00000001  10.00000001
  10.00000001  10.00000001  10.00000001  14.9999999   14.9999999
  15.00000013  15.00000013  20.00000002  30.00000003  40.00000004
  54.99999993 104.99999998 165.00000004]",9.846938773989677,5.000000121071935,20.057315833712348,100,39
google-chrome --incognito,chrome,cpu_single_thread_no_op_loop,1000000,web_wasm,0,"[3484.99999987  780.00000003  714.99999985  665.00000004  709.99999996
  670.00000016  669.99999993  645.00000002  689.99999994  655.00000003
  640.00000013  644.99999979  645.00000002  635.00000001  639.9999999 ]","[3.485 0.78  0.715 0.665 0.71  0.67  0.67  0.645 0.69  0.655 0.64  0.645
 0.645 0.635 0.64 ]",85.63000000012107,"[0.64  0.64  0.645 0.645 0.645 0.655 0.665 0.67  0.67  0.69  0.71  0.715
 0.78 ]",0.6746153845989074,0.6650000000372529,0.04059256594350635,"[639.9999999  640.00000013 644.99999979 645.00000002 645.00000002
 655.00000003 665.00000004 669.99999993 670.00000016 689.99999994
 709.99999996 714.99999985 780.00000003]",674.6153845989073,665.0000000372529,40.592565943506344,15,40
google-chrome --incognito,chrome,prime_number,919393,web_wasm,0,"[5004.99999989 1930.00000017 1909.99999992 1880.00000012 1894.99999979
 1855.00000021 1839.99999985 1864.99999999 1890.00000013 1840.00000008
 1834.99999996 1820.00000007 1829.99999984 1824.99999995 1834.99999996]","[5.005 1.93  1.91  1.88  1.895 1.855 1.84  1.865 1.89  1.84  1.835 1.82
 1.83  1.825 1.835]",75.60000000009313,"[1.825 1.83  1.835 1.835 1.84  1.84  1.855 1.865 1.88  1.89  1.895 1.91
 1.93 ]",1.863846153844721,1.8550000002142042,0.03410485343937092,"[1824.99999995 1829.99999984 1834.99999996 1834.99999996 1839.99999985
 1840.00000008 1855.00000021 1864.99999999 1880.00000012 1890.00000013
 1894.99999979 1909.99999992 1930.00000017]",1863.8461538447211,1855.0000002142042,34.10485343937092,15,41
google-chrome --incognito,chrome,prime_number,2147483647,web_wasm,0,"[4073160.00000015 4072515.00000013 4072409.99999992 4072300.00000005
 4072305.00000017 4072199.99999995 4072225.00000009 4072219.99999997
 4072260.00000001 4072305.00000017 4072274.99999991 4072439.99999994
 4072239.99999999 4072260.00000001 4072939.99999994]","[4073.16  4072.515 4072.41  4072.3   4072.305 4072.2   4072.225 4072.22
 4072.26  4072.305 4072.275 4072.44  4072.24  4072.26  4072.94 ]",50.09499999997206,"[4072.22  4072.225 4072.24  4072.26  4072.26  4072.275 4072.3   4072.305
 4072.305 4072.41  4072.44  4072.515 4072.94 ]",4072.361153846177,4072.3000000000466,0.1954498427175612,"[4072219.99999997 4072225.00000009 4072239.99999999 4072260.00000001
 4072260.00000001 4072274.99999991 4072300.00000005 4072305.00000017
 4072305.00000017 4072409.99999992 4072439.99999994 4072515.00000013
 4072939.99999994]",4072361.153846177,4072300.0000000466,195.44984271756115,15,42
google-chrome --incognito,chrome,matrix_addition_single_multi,10000 10 1 multi,web_wasm,0,"[1849.99999986  520.00000002  375.          334.99999996  395.00000002
  364.99999999  324.99999995  479.99999998  360.0000001   324.99999995
  305.00000017  309.99999982  280.00000003  330.00000007  304.99999993]","[1.85  0.52  0.375 0.335 0.395 0.365 0.325 0.48  0.36  0.325 0.305 0.31
 0.28  0.33  0.305]",98.03499999991618,"[0.305 0.305 0.31  0.325 0.325 0.33  0.335 0.36  0.365 0.375 0.395 0.48
 0.52 ]",0.363846153844721,0.3349999999627471,0.06696248472146805,"[304.99999993 305.00000017 309.99999982 324.99999995 324.99999995
 330.00000007 334.99999996 360.0000001  364.99999999 375.
 395.00000002 479.99999998 520.00000002]",363.846153844721,334.9999999627471,66.96248472146806,15,43
google-chrome --incognito,chrome,cpu_multi_thread_no_op_loop,1000000000 12,web_wasm,0,"[4703510.00000001 1274425.00000005 1239314.99999994 1285399.99999991
 1256074.99999995 1296945.00000007 1271664.9999998  1274484.99999987
 1243170.00000016 1263330.00000007 1251014.9999999  1273050.00000005
 1305765.00000013 1252784.99999992 1275295.00000016]","[4703.51  1274.425 1239.315 1285.4   1256.075 1296.945 1271.665 1274.485
 1243.17  1263.33  1251.015 1273.05  1305.765 1252.785 1275.295]",103.69999999995343,"[1243.17  1251.015 1252.785 1256.075 1263.33  1271.665 1273.05  1274.425
 1274.485 1275.295 1285.4   1296.945 1305.765]",1271.031153846156,1273.0500000000466,18.081627663877857,"[1243170.00000016 1251014.9999999  1252784.99999992 1256074.99999995
 1263330.00000007 1271664.9999998  1273050.00000005 1274425.00000005
 1274484.99999987 1275295.00000016 1285399.99999991 1296945.00000007
 1305765.00000013]",1271031.153846156,1273050.0000000466,18081.627663877855,15,44
google-chrome --incognito,chrome,prime_number_multi,2147483647 12,web_wasm,0,"[23215910.00000015  8451645.00000002  8258885.00000001  8443289.9999998
  8549515.00000013  8410185.00000006  8441060.00000006  8490400.00000014
  8551389.9999999   8405385.00000001  8542114.99999999  8644139.9999999
  8526564.99999994  8487994.99999988  8374725.00000009]","[23215.91   8451.645  8258.885  8443.29   8549.515  8410.185  8441.06
  8490.4    8551.39   8405.385  8542.115  8644.14   8526.565  8487.995
  8374.725]",74.69999999995343,"[8374.725 8405.385 8410.185 8441.06  8443.29  8451.645 8487.995 8490.4
 8526.565 8542.115 8549.515 8551.39  8644.14 ]",8486.031538461531,8487.994999999879,75.1602944097793,"[8374725.00000009 8405385.00000001 8410185.00000006 8441060.00000006
 8443289.9999998  8451645.00000002 8487994.99999988 8490400.00000014
 8526564.99999994 8542114.99999999 8549515.00000013 8551389.9999999
 8644139.9999999 ]",8486031.538461532,8487994.999999879,75160.2944097793,15,45
google-chrome --incognito,chrome,fibonnaci_multi,999999999 12,web_wasm,0,"[10060584.99999996  2710955.00000007  2702635.00000001  2718584.99999996
  2690730.00000021  2742329.99999984  2686010.00000001  2712189.99999994
  2722140.00000013  2692139.9999999   2700540.00000004  2708069.99999983
  2716604.99999998  2775090.00000008  2706045.00000016]","[10060.585  2710.955  2702.635  2718.585  2690.73   2742.33   2686.01
  2712.19   2722.14   2692.14   2700.54   2708.07   2716.605  2775.09
  2706.045]",67.96999999997206,"[2690.73  2692.14  2700.54  2702.635 2706.045 2708.07  2710.955 2712.19
 2716.605 2718.585 2722.14  2742.33  2775.09 ]",2715.235000000013,2710.9550000000745,22.452726820282976,"[2690730.00000021 2692139.9999999  2700540.00000004 2702635.00000001
 2706045.00000016 2708069.99999983 2710955.00000007 2712189.99999994
 2716604.99999998 2718584.99999996 2722140.00000013 2742329.99999984
 2775090.00000008]",2715235.0000000126,2710955.0000000745,22452.726820282976,15,46
chromium --incognito,chromium,return_0,,web_wasm,0,"[334.99999996  40.00000004  44.99999993  24.99999991  20.00000002
  30.00000003  10.00000001  15.00000013  14.9999999   20.00000002
   4.99999989  10.00000001  10.00000001  10.00000001   5.00000012
   4.99999989  10.00000001  10.00000001   5.00000012   4.99999989
   4.99999989   5.00000012  10.00000001   9.99999978   5.00000012
   4.99999989  10.00000001  10.00000001   5.00000012   4.99999989
  10.00000001   5.00000012   4.99999989  10.00000001   5.00000012
   4.99999989   0.          10.00000001   4.99999989   5.00000012
   9.99999978   5.00000012  10.00000001   4.99999989   5.00000012
   4.99999989   5.00000012  10.00000001   4.99999989   5.00000012
  10.00000001   4.99999989   5.00000012  10.00000001   4.99999989
  10.00000001   5.00000012   4.99999989   4.99999989   4.99999989
   5.00000012   5.00000012   4.99999989   5.00000012   5.00000012
   0.          10.00000001   4.99999989   4.99999989   5.00000012
  10.00000001   4.99999989   5.00000012  10.00000001   0.
  10.00000001   4.99999989  10.00000001   4.99999989   5.00000012
  10.00000001   4.99999989   5.00000012   0.           5.00000012
  10.00000001   5.00000012   0.          10.00000001   5.00000012
   4.99999989   5.00000012   4.99999989  10.00000001   5.00000012
   4.99999989  10.00000001   4.99999989   5.00000012   4.99999989]","[0.335 0.04  0.045 0.025 0.02  0.03  0.01  0.015 0.015 0.02  0.005 0.01
 0.01  0.01  0.005 0.005 0.01  0.01  0.005 0.005 0.005 0.005 0.01  0.01
 0.005 0.005 0.01  0.01  0.005 0.005 0.01  0.005 0.005 0.01  0.005 0.005
 0.    0.01  0.005 0.005 0.01  0.005 0.01  0.005 0.005 0.005 0.005 0.01
 0.005 0.005 0.01  0.005 0.005 0.01  0.005 0.01  0.005 0.005 0.005 0.005
 0.005 0.005 0.005 0.005 0.005 0.    0.01  0.005 0.005 0.005 0.01  0.005
 0.005 0.01  0.    0.01  0.005 0.01  0.005 0.005 0.01  0.005 0.005 0.
 0.005 0.01  0.005 0.    0.01  0.005 0.005 0.005 0.005 0.01  0.005 0.005
 0.01  0.005 0.005 0.005]",66.92000000015832,"[0.    0.    0.    0.    0.005 0.005 0.005 0.005 0.005 0.005 0.005 0.005
 0.005 0.005 0.005 0.005 0.005 0.005 0.005 0.005 0.005 0.005 0.005 0.005
 0.005 0.005 0.005 0.005 0.005 0.005 0.005 0.005 0.005 0.005 0.005 0.005
 0.005 0.005 0.005 0.005 0.005 0.005 0.005 0.005 0.005 0.005 0.005 0.005
 0.005 0.005 0.005 0.005 0.005 0.005 0.005 0.005 0.005 0.005 0.005 0.005
 0.005 0.01  0.01  0.01  0.01  0.01  0.01  0.01  0.01  0.01  0.01  0.01
 0.01  0.01  0.01  0.01  0.01  0.01  0.01  0.01  0.01  0.01  0.01  0.01
 0.01  0.01  0.01  0.01  0.01  0.01  0.015 0.015 0.02  0.02  0.025 0.03
 0.04  0.045]",0.008010204080777357,0.005000000121071935,0.006763295261059767,"[ 0.          0.          0.          0.          4.99999989  4.99999989
  4.99999989  4.99999989  4.99999989  4.99999989  4.99999989  4.99999989
  4.99999989  4.99999989  4.99999989  4.99999989  4.99999989  4.99999989
  4.99999989  4.99999989  4.99999989  4.99999989  4.99999989  4.99999989
  4.99999989  4.99999989  4.99999989  4.99999989  4.99999989  4.99999989
  4.99999989  4.99999989  4.99999989  5.00000012  5.00000012  5.00000012
  5.00000012  5.00000012  5.00000012  5.00000012  5.00000012  5.00000012
  5.00000012  5.00000012  5.00000012  5.00000012  5.00000012  5.00000012
  5.00000012  5.00000012  5.00000012  5.00000012  5.00000012  5.00000012
  5.00000012  5.00000012  5.00000012  5.00000012  5.00000012  5.00000012
  5.00000012  9.99999978  9.99999978 10.00000001 10.00000001 10.00000001
 10.00000001 10.00000001 10.00000001 10.00000001 10.00000001 10.00000001
 10.00000001 10.00000001 10.00000001 10.00000001 10.00000001 10.00000001
 10.00000001 10.00000001 10.00000001 10.00000001 10.00000001 10.00000001
 10.00000001 10.00000001 10.00000001 10.00000001 10.00000001 10.00000001
 14.9999999  15.00000013 20.00000002 20.00000002 24.99999991 30.00000003
 40.00000004 44.99999993]",8.010204080777356,5.000000121071935,6.763295261059766,100,47
chromium --incognito,chromium,cpu_single_thread_no_op_loop,1000000,web_wasm,0,"[6264.9999999  2099.99999986 2064.99999994 2040.00000004 2040.00000004
 2034.99999992 2000.         2005.00000012 2030.00000003 2014.9999999
 1995.00000011 2010.00000001 1994.99999988 1989.99999999 1989.99999999]","[6.265 2.1   2.065 2.04  2.04  2.035 2.    2.005 2.03  2.015 1.995 2.01
 1.995 1.99  1.99 ]",91.80500000016764,"[1.99  1.995 1.995 2.    2.005 2.01  2.015 2.03  2.035 2.04  2.04  2.065
 2.1  ]",2.0246153846024892,2.0149999998975545,0.03185000902210548,"[1989.99999999 1994.99999988 1995.00000011 2000.         2005.00000012
 2010.00000001 2014.9999999  2030.00000003 2034.99999992 2040.00000004
 2040.00000004 2064.99999994 2099.99999986]",2024.6153846024895,2014.9999998975545,31.850009022105485,15,48
chromium --incognito,chromium,prime_number,919393,web_wasm,0,"[6324.99999995 2175.00000005 2229.99999998 2285.00000015 2219.99999997
 2145.00000002 2119.99999988 2175.00000005 2270.00000002 2145.00000002
 2104.99999998 2234.99999987 2240.00000022 2154.9999998  2229.99999998]","[6.325 2.175 2.23  2.285 2.22  2.145 2.12  2.175 2.27  2.145 2.105 2.235
 2.24  2.155 2.23 ]",62.924999999813735,"[2.12  2.145 2.145 2.155 2.175 2.175 2.22  2.23  2.23  2.235 2.24  2.27
 2.285]",2.201923076923077,2.2199999999720603,0.052302743028227565,"[2119.99999988 2145.00000002 2145.00000002 2154.9999998  2175.00000005
 2175.00000005 2219.99999997 2229.99999998 2229.99999998 2234.99999987
 2240.00000022 2270.00000002 2285.00000015]",2201.923076923077,2219.9999999720603,52.30274302822757,15,49
chromium --incognito,chromium,prime_number,2147483647,web_wasm,0,"[4903635.00000001 4903020.00000002 4908399.99999991 4907210.0000002
 4908360.0000001  4908260.00000001 4907254.99999989 4909334.99999996
 4907014.9999999  4909110.0000001  4887530.00000003 4871814.99999994
 4866300.00000005 4892060.00000006 4891274.99999991]","[4903.635 4903.02  4908.4   4907.21  4908.36  4908.26  4907.255 4909.335
 4907.015 4909.11  4887.53  4871.815 4866.3   4892.06  4891.275]",55.82999999984168,"[4871.815 4887.53  4891.275 4892.06  4903.02  4903.635 4907.015 4907.21
 4907.255 4908.26  4908.36  4908.4   4909.11 ]",4900.38038461539,4907.014999999898,11.383524729048023,"[4871814.99999994 4887530.00000003 4891274.99999991 4892060.00000006
 4903020.00000002 4903635.00000001 4907014.9999999  4907210.0000002
 4907254.99999989 4908260.00000001 4908360.0000001  4908399.99999991
 4909110.0000001 ]",4900380.38461539,4907014.999999898,11383.524729048022,15,50
chromium --incognito,chromium,matrix_addition_single_multi,10000 10 1 multi,web_wasm,0,"[1989.99999999  540.00000004  459.99999996  405.00000003  405.00000003
  415.00000004  375.          445.00000007  424.99999981  380.00000012
  350.00000009  379.99999989  354.99999998  364.99999999  344.99999997]","[1.99  0.54  0.46  0.405 0.405 0.415 0.375 0.445 0.425 0.38  0.35  0.38
 0.355 0.365 0.345]",66.14000000013039,"[0.35  0.355 0.365 0.375 0.38  0.38  0.405 0.405 0.415 0.425 0.445 0.46
 0.54 ]",0.4076923076958897,0.4050000000279397,0.052066279256096845,"[350.00000009 354.99999998 364.99999999 375.         379.99999989
 380.00000012 405.00000003 405.00000003 415.00000004 424.99999981
 445.00000007 459.99999996 540.00000004]",407.6923076958897,405.0000000279397,52.06627925609685,15,51
chromium --incognito,chromium,cpu_multi_thread_no_op_loop,1000000000 12,web_wasm,0,"[7257329.99999984 2799385.00000001 2639075.00000019 2764500.
 2884750.         2812564.99999994 2781570.00000007 2732104.99999998
 2691895.00000002 2759614.99999999 2692955.00000007 2743494.99999988
 2793765.00000013 2803574.99999995 2664510.00000001]","[7257.33  2799.385 2639.075 2764.5   2884.75  2812.565 2781.57  2732.105
 2691.895 2759.615 2692.955 2743.495 2793.765 2803.575 2664.51 ]",94.90500000002794,"[2664.51  2691.895 2692.955 2732.105 2743.495 2759.615 2764.5   2781.57
 2793.765 2799.385 2803.575 2812.565 2884.75 ]",2763.437307692312,2764.5,59.546866717710955,"[2664510.00000001 2691895.00000002 2692955.00000007 2732104.99999998
 2743494.99999988 2759614.99999999 2764500.         2781570.00000007
 2793765.00000013 2799385.00000001 2803574.99999995 2812564.99999994
 2884750.        ]",2763437.307692312,2764500.0,59546.86671771096,15,52
chromium --incognito,chromium,prime_number_multi,2147483647 12,web_wasm,0,"[23875375.          8772350.00000009  8692064.99999994  8684265.00000013
  8590250.          8716244.99999988  8842600.00000009  8665729.99999998
  8675960.0000002   8691750.          8751949.99999995  8669319.99999983
  8587475.00000009  8617694.99999983  8688534.99999992]","[23875.375  8772.35   8692.065  8684.265  8590.25   8716.245  8842.6
  8665.73   8675.96   8691.75   8751.95   8669.32   8587.475  8617.695
  8688.535]",66.14500000001863,"[8590.25  8617.695 8665.73  8669.32  8675.96  8684.265 8688.535 8691.75
 8692.065 8716.245 8751.95  8772.35  8842.6  ]",8696.82423076922,8688.534999999916,64.82266128469688,"[8590250.         8617694.99999983 8665729.99999998 8669319.99999983
 8675960.0000002  8684265.00000013 8688534.99999992 8691750.
 8692064.99999994 8716244.99999988 8751949.99999995 8772350.00000009
 8842600.00000009]",8696824.230769219,8688534.999999916,64822.66128469687,15,53
chromium --incognito,chromium,fibonnaci_multi,999999999 12,web_wasm,0,"[17991364.99999999  5290469.99999997  5181025.00000014  5407655.00000003
  5320810.00000006  5048820.00000007  5226279.9999998   5335474.99999986
  5169385.00000001  5221175.00000005  5018939.99999994  5226584.99999996
  5252784.99999992  5358189.99999994  5159694.99999983]","[17991.365  5290.47   5181.025  5407.655  5320.81   5048.82   5226.28
  5335.475  5169.385  5221.175  5018.94   5226.585  5252.785  5358.19
  5159.695]",45.06000000005588,"[5048.82  5159.695 5169.385 5181.025 5221.175 5226.28  5226.585 5252.785
 5290.47  5320.81  5335.475 5358.19  5407.655]",5246.0269230768945,5226.584999999963,96.67258749549524,"[5048820.00000007 5159694.99999983 5169385.00000001 5181025.00000014
 5221175.00000005 5226279.9999998  5226584.99999996 5252784.99999992
 5290469.99999997 5320810.00000006 5335474.99999986 5358189.99999994
 5407655.00000003]",5246026.923076894,5226584.999999963,96672.58749549525,15,54
/home/caioh/Downloads/firefox/firefox --private,firefox,return_0,,web_wasm,0,"[180. 100.  40.  60.  60.  80.  20.  20.  20.  20.  40.  20.  20.  20.
   0.   0.  20.   0.  20.  20.   0.  20.   0.  20.   0.  20.   0.  20.
   0.   0.  20.  20.   0.  40.  20.   0.  20.   0.  20.   0.  20.   0.
   0.  20.   0.   0.  20.   0.  20.  20. 360.   0.  20.   0.   0.  20.
   0.   0.   0.  20.   0.   0.  20.   0.   0.  20.   0.   0.   0.  20.
   0.  20.   0.   0.  20.   0.   0.   0.  20.   0.   0.  20.   0.  40.
   0.  20.   0.   0.  20.   0.   0.  20.   0.   0.  20.   0.   0.  20.
   0. 160.]","[0.18 0.1  0.04 0.06 0.06 0.08 0.02 0.02 0.02 0.02 0.04 0.02 0.02 0.02
 0.   0.   0.02 0.   0.02 0.02 0.   0.02 0.   0.02 0.   0.02 0.   0.02
 0.   0.   0.02 0.02 0.   0.04 0.02 0.   0.02 0.   0.02 0.   0.02 0.
 0.   0.02 0.   0.   0.02 0.   0.02 0.02 0.36 0.   0.02 0.   0.   0.02
 0.   0.   0.   0.02 0.   0.   0.02 0.   0.   0.02 0.   0.   0.   0.02
 0.   0.02 0.   0.   0.02 0.   0.   0.   0.02 0.   0.   0.02 0.   0.04
 0.   0.02 0.   0.   0.02 0.   0.   0.02 0.   0.   0.02 0.   0.   0.02
 0.   0.16]",60.22,"[0.   0.   0.   0.   0.   0.   0.   0.   0.   0.   0.   0.   0.   0.
 0.   0.   0.   0.   0.   0.   0.   0.   0.   0.   0.   0.   0.   0.
 0.   0.   0.   0.   0.   0.   0.   0.   0.   0.   0.   0.   0.   0.
 0.   0.   0.   0.   0.   0.   0.   0.02 0.02 0.02 0.02 0.02 0.02 0.02
 0.02 0.02 0.02 0.02 0.02 0.02 0.02 0.02 0.02 0.02 0.02 0.02 0.02 0.02
 0.02 0.02 0.02 0.02 0.02 0.02 0.02 0.02 0.02 0.02 0.02 0.02 0.02 0.02
 0.02 0.02 0.02 0.02 0.04 0.04 0.04 0.04 0.06 0.06 0.08 0.1  0.16 0.18]",0.016122448979592256,0.009999999999990905,0.028380066078883926,"[  0.   0.   0.   0.   0.   0.   0.   0.   0.   0.   0.   0.   0.   0.
   0.   0.   0.   0.   0.   0.   0.   0.   0.   0.   0.   0.   0.   0.
   0.   0.   0.   0.   0.   0.   0.   0.   0.   0.   0.   0.   0.   0.
   0.   0.   0.   0.   0.   0.   0.  20.  20.  20.  20.  20.  20.  20.
  20.  20.  20.  20.  20.  20.  20.  20.  20.  20.  20.  20.  20.  20.
  20.  20.  20.  20.  20.  20.  20.  20.  20.  20.  20.  20.  20.  20.
  20.  20.  20.  20.  40.  40.  40.  40.  60.  60.  80. 100. 160. 180.]",16.122448979592253,9.999999999990905,28.380066078883925,100,55
/home/caioh/Downloads/firefox/firefox --private,firefox,cpu_single_thread_no_op_loop,1000000,web_wasm,0,"[7020. 3080. 3020. 3240. 2960. 2940. 2900. 3240. 2900. 2900. 2980. 2840.
 2840. 2860. 2840.]","[7.02 3.08 3.02 3.24 2.96 2.94 2.9  3.24 2.9  2.9  2.98 2.84 2.84 2.86
 2.84]",119.06,[2.84 2.84 2.86 2.9  2.9  2.9  2.94 2.96 2.98 3.02 3.08 3.24 3.24],2.9769230769230783,2.9399999999999977,0.13585437150276478,"[2840. 2840. 2860. 2900. 2900. 2900. 2940. 2960. 2980. 3020. 3080. 3240.
 3240.]",2976.923076923078,2939.9999999999977,135.85437150276476,15,56
/home/caioh/Downloads/firefox/firefox --private,firefox,prime_number,919393,web_wasm,0,"[9320. 2520. 2420. 2540. 2420. 2380. 2340. 2440. 2360. 2360. 2420. 2340.
 2300. 2320. 2280.]","[9.32 2.52 2.42 2.54 2.42 2.38 2.34 2.44 2.36 2.36 2.42 2.34 2.3  2.32
 2.28]",69.78,[2.3  2.32 2.34 2.34 2.36 2.36 2.38 2.42 2.42 2.42 2.44 2.52 2.54],2.3969230769230765,2.3799999999999955,0.0729594197007979,"[2300. 2320. 2340. 2340. 2360. 2360. 2380. 2420. 2420. 2420. 2440. 2520.
 2540.]",2396.923076923076,2379.9999999999955,72.9594197007979,15,57
/home/caioh/Downloads/firefox/firefox --private,firefox,prime_number,2147483647,web_wasm,0,"[5076980.         5086860.         5084140.         5085800.
 5083880.         5084140.         5084720.         5086039.99999999
 5085100.00000001 5085740.         5086400.         5084539.99999999
 5084720.00000001 5086239.99999999 5085140.        ]","[5076.98 5086.86 5084.14 5085.8  5083.88 5084.14 5084.72 5086.04 5085.1
 5085.74 5086.4  5084.54 5084.72 5086.24 5085.14]",86.88,"[5083.88 5084.14 5084.14 5084.54 5084.72 5084.72 5085.1  5085.14 5085.74
 5085.8  5086.04 5086.24 5086.4 ]",5085.123076923077,5085.100000000006,0.8515415884850064,"[5083880.         5084140.         5084140.         5084539.99999999
 5084720.         5084720.00000001 5085100.00000001 5085140.
 5085740.         5085800.         5086039.99999999 5086239.99999999
 5086400.        ]",5085123.076923076,5085100.000000006,851.5415884851293,15,58
/home/caioh/Downloads/firefox/firefox --private,firefox,matrix_addition_single_multi,10000 10 1 multi,web_wasm,0,"[1740. 1040.  780.  960.  680.  480.  440.  420.  480. 1860.  700.  380.
  400.  420.  400.]","[1.74 1.04 0.78 0.96 0.68 0.48 0.44 0.42 0.48 1.86 0.7  0.38 0.4  0.42
 0.4 ]",86.0,[0.4  0.4  0.42 0.42 0.44 0.48 0.48 0.68 0.7  0.78 0.96 1.04 1.74],0.6876923076923086,0.480000000000004,0.3841474076044665,"[ 400.  400.  420.  420.  440.  480.  480.  680.  700.  780.  960. 1040.
 1740.]",687.6923076923085,480.000000000004,384.1474076044665,15,59
/home/caioh/Downloads/firefox/firefox --private,firefox,cpu_multi_thread_no_op_loop,1000000000 12,web_wasm,0,"[3253280. 3216280. 3323000. 3185740. 3193040. 3265220. 3114460. 3189380.
 3110200. 3195380. 3303560. 3284460. 3115800. 3229420. 3198600.]","[3253.28 3216.28 3323.   3185.74 3193.04 3265.22 3114.46 3189.38 3110.2
 3195.38 3303.56 3284.46 3115.8  3229.42 3198.6 ]",99.82,"[3114.46 3115.8  3185.74 3189.38 3193.04 3195.38 3198.6  3216.28 3229.42
 3253.28 3265.22 3284.46 3303.56]",3211.124615384615,3198.5999999999985,57.20352154302206,"[3114460. 3115800. 3185740. 3189380. 3193040. 3195380. 3198600. 3216280.
 3229420. 3253280. 3265220. 3284460. 3303560.]",3211124.6153846155,3198599.9999999986,57203.52154302208,15,60
/home/caioh/Downloads/firefox/firefox --private,firefox,prime_number_multi,2147483647 12,web_wasm,0,"[8850040.         8906340.         8906000.         8767180.
 8934940.         8728280.         8911440.         8775840.
 8952440.         8835759.99999999 8863600.00000001 8771220.
 8827599.99999999 8822700.         8806420.00000001]","[8850.04 8906.34 8906.   8767.18 8934.94 8728.28 8911.44 8775.84 8952.44
 8835.76 8863.6  8771.22 8827.6  8822.7  8806.42]",81.38,"[8767.18 8771.22 8775.84 8806.42 8822.7  8827.6  8835.76 8850.04 8863.6
 8906.   8906.34 8911.44 8934.94]",8844.544615384617,8835.759999999995,57.01763537353836,"[8767180.         8771220.         8775840.         8806420.00000001
 8822700.         8827599.99999999 8835759.99999999 8850040.
 8863600.00000001 8906000.         8906340.         8911440.
 8934940.        ]",8844544.615384616,8835759.999999994,57017.63537353823,15,61
/home/caioh/Downloads/firefox/firefox --private,firefox,fibonnaci_multi,999999999 12,web_wasm,0,"[5115880.         5171620.         5447640.         5164080.
 5319540.         5297200.         5176440.         5164240.
 5317580.         5685520.         5276680.         5411200.
 5364740.00000001 5211879.99999999 5504120.00000001]","[5115.88 5171.62 5447.64 5164.08 5319.54 5297.2  5176.44 5164.24 5317.58
 5685.52 5276.68 5411.2  5364.74 5211.88 5504.12]",41.940000000000005,"[5164.08 5164.24 5171.62 5176.44 5211.88 5276.68 5297.2  5317.58 5319.54
 5364.74 5411.2  5447.64 5504.12]",5294.381538461539,5297.200000000001,114.48073563167709,"[5164080.         5164240.         5171620.         5176440.
 5211879.99999999 5276680.         5297200.         5317580.
 5319540.         5364740.00000001 5411200.         5447640.
 5504120.00000001]",5294381.53846154,5297200.000000001,114480.7356316772,15,62
